:020000040800F2
:1000000000000220392E00083D2B0008452B000877
:100010004D2B0008552B00085D2B00080000000048
:10002000000000000000000000000000652B000838
:10003000732B000800000000812B00088F2B0008A4
:10004000892E0008892E0008892E0008892E0008B4
:10005000892E0008892E0008892E0008892E0008A4
:10006000892E0008892E0008892E0008892E000894
:10007000892E0008892E0008892E0008892E000884
:10008000892E0008892E0008892E00080000000033
:10009000000000000000000000000000892E0008A1
:1000A000892E0008892E0008892E0008892E000854
:1000B000892E0008892E0008892E0008892E000844
:1000C000892E0008892E0008892E0008892E000834
:1000D000892E00089D2B0008892E000800000000D2
:1000E000892E0008892E0008892E000800000000D3
:1000F000000000000000000000000000892E000841
:1001000000000000892E0008892E0008892E0008B2
:1001100000000000000000000000000000000000DF
:10012000B12B0008892E0008C52B0008892E000875
:10013000892E000800000000000000000000000000
:10014000000000000000000000000000892E0008F0
:10015000892E0008892E0008892E0008892E0008A3
:10016000892E0008892E0008000000000000000011
:10017000000000000000000000000000000000007F
:1001800000000000892E00080000000000000000B0
:08019000892E0008892E0008E9
:1001A00010B5054C237833B9044B13B10448AFF3B1
:1001B00000800123237010BDE0010020000000003A
:1001C000D498000808B5034B1BB103490348AFF3AB
:1001D000008008BD00000000E4010020D498000861
:1001E00001F0FF01102A2BDB10F0070F08D010F8E8
:1001F000013B013A8B422DD010F0070F42B3F6D1EC
:10020000F0B441EA012141EA014122F007047FF004
:1002100000070023F0E80256083C85EA010586EA5B
:10022000010685FA47F5A3FA87F586FA47F6A5FA97
:1002300087F68EB9EED1F0BC01F0FF0102F00702A3
:1002400032B110F8013B013A83EA010313B1F8D14E
:100250000020704701387047002D06BF354603382F
:10026000073815F0010F07D1013015F4807F02BF68
:10027000013015F4C03F0130F0BC0138704700BFB9
:10028000034613F8012B002AFBD1181A01387047D6
:1002900081F0004102E000BF83F0004330B54FEA37
:1002A00041044FEA430594EA050F08BF90EA020FA4
:1002B0001FBF54EA000C55EA020C7FEA645C7FEA37
:1002C000655C00F0E2804FEA5454D4EB5555B8BF5A
:1002D0006D420CDD2C4480EA020281EA030382EACB
:1002E000000083EA010180EA020281EA0303362D5D
:1002F00088BF30BD11F0004F4FEA01314FF4801C30
:100300004CEA113102D0404261EB410113F0004F41
:100310004FEA03334CEA133302D0524263EB4303F8
:1003200094EA050F00F0A780A4F10104D5F1200E96
:100330000DDB02FA0EFC22FA05F2801841F10001F1
:1003400003FA0EF2801843FA05F359410EE0A5F1C5
:1003500020050EF1200E012A03FA0EFC28BF4CF0F6
:10036000020C43FA05F3C01851EBE37101F00045AC
:1003700007D54FF0000EDCF1000C7EEB00006EEBB9
:100380000101B1F5801F1BD3B1F5001F0CD3490843
:100390005FEA30004FEA3C0C04F101044FEA44529A
:1003A00012F5800F80F09A80BCF1004F08BF5FEA21
:1003B000500C50F1000041EB045141EA050130BD01
:1003C0005FEA4C0C404141EB0101013C28BFB1F513
:1003D000801FE9D291F0000F04BF01460020B1FA5E
:1003E00081F308BF2033A3F10B03B3F120020CDA31
:1003F0000C3208DD02F1140CC2F10C0201FA0CF00F
:1004000021FA02F10CE002F11402D8BFC2F1200C73
:1004100001FA02F120FA0CFCDCBF41EA0C01904029
:10042000E41AA2BF01EB0451294330BD6FEA040472
:100430001F3C1CDA0C340EDC04F11404C4F120025D
:1004400020FA04F001FA02F340EA030021FA04F36F
:1004500045EA030130BDC4F10C04C4F1200220FAC6
:1004600002F001FA04F340EA0300294630BD21FA04
:1004700004F0294630BD94F0000F83F4801306BFCA
:1004800081F480110134013D4EE77FEA645C18BFBE
:100490007FEA655C29D094EA050F08BF90EA020F55
:1004A00005D054EA000C04BF1946104630BD91EA4D
:1004B000030F1EBF0021002030BD5FEA545C05D150
:1004C0004000494128BF41F0004130BD14F580048F
:1004D0003CBF01F5801130BD01F0004545F0FE4103
:1004E00041F470014FF0000030BD7FEA645C1ABF38
:1004F000194610467FEA655C1CBF0B46024650EA6F
:10050000013406BF52EA033591EA030F41F400219A
:1005100030BD00BF90F0000F04BF0021704730B520
:100520004FF4806404F132044FF000054FF00001F5
:1005300050E700BF90F0000F04BF0021704730B5B6
:100540004FF4806404F1320410F0004548BF40428B
:100550004FF000013EE700BF42004FEAE2014FEAE0
:1005600031014FEA02701FBF12F07F4393F07F4FBB
:1005700081F06051704732F07F4208BF704793F0BE
:100580007F4F04BF41F40021704730B54FF46074D1
:1005900001F0004521F000411CE700BF50EA0102D4
:1005A00008BF704730B54FF000050AE050EA01027D
:1005B00008BF704730B511F0004502D5404261EBED
:1005C00041014FF4806404F132045FEA915C3FF42E
:1005D000D8AE4FF003025FEADC0C18BF03325FEACB
:1005E000DC0C18BF033202EBDC02C2F1200300FA7C
:1005F00003FC20FA02F001FA03FE40EA0E0021FAA1
:1006000002F11444BDE600BF70B54FF0FF0C4CF48E
:10061000E06C1CEA11541DBF1CEA135594EA0C0F40
:1006200095EA0C0F00F0DEF82C4481EA030621EA7B
:100630004C5123EA4C5350EA013518BF52EA0335B6
:1006400041F4801143F4801338D0A0FB02CE4FF068
:100650000005E1FB02E506F00042E0FB03E54FF098
:100660000006E1FB03569CF0000F18BF4EF0010E90
:10067000A4F1FF04B6F5007F64F5407404D25FEA8C
:100680004E0E6D4146EB060642EAC62141EA55513F
:100690004FEAC52040EA5E504FEACE2EB4F1FD0C81
:1006A00088BFBCF5E06F1ED8BEF1004F08BF5FEAFF
:1006B000500E50F1000041EB045170BD06F00046B1
:1006C00046EA010140EA020081EA0301B4EB5C045E
:1006D000C2BFD4EB0C0541EA045170BD41F4801156
:1006E0004FF0000E013C00F3AB8014F1360FDEBF7B
:1006F000002001F0004170BDC4F10004203C35DA57
:100700000C341BDC04F11404C4F1200500FA05F3D9
:1007100020FA04F001FA05F240EA020001F000427A
:1007200021F0004110EBD37021FA04F642EB0601F0
:100730005EEA430E08BF20EAD37070BDC4F10C041A
:10074000C4F1200500FA04F320FA05F001FA04F2DE
:1007500040EA020001F0004110EBD37041F10001CA
:100760005EEA430E08BF20EAD37070BDC4F12005D5
:1007700000FA05F24EEA020E20FA04F301FA05F23D
:1007800043EA020321FA04F001F0004121FA04F2E5
:1007900020EA020000EBD3705EEA430E08BF20EAB5
:1007A000D37070BD94F0000F0FD101F000464000EF
:1007B00041EB010111F4801F08BF013CF7D041EA71
:1007C000060195F0000F18BF704703F00046520075
:1007D00043EB030313F4801F08BF013DF7D043EA46
:1007E0000603704794EA0C0F0CEA135518BF95EAFC
:1007F0000C0F0CD050EA410618BF52EA4306D1D183
:1008000081EA030101F000414FF0000070BD50EAA1
:10081000410606BF1046194652EA430619D094EA2B
:100820000C0F02D150EA013613D195EA0C0F05D115
:1008300052EA03361CBF104619460AD181EA030169
:1008400001F0004141F0FE4141F470014FF0000021
:1008500070BD41F0FE4141F4780170BD70B54FF0BC
:10086000FF0C4CF4E06C1CEA11541DBF1CEA13553C
:1008700094EA0C0F95EA0C0F00F0A7F8A4EB05041E
:1008800081EA030E52EA03354FEA013100F0888015
:100890004FEA03334FF0805545EA131343EA1263DE
:1008A0004FEA022245EA111545EA10654FEA002693
:1008B0000EF000419D4208BF964244F1FD0404F54C
:1008C000407402D25B084FEA3202B61A65EB0305A8
:1008D0005B084FEA32024FF480104FF4002CB6EB65
:1008E000020E75EB030E22BFB61A754640EA0C00E5
:1008F0005B084FEA3202B6EB020E75EB030E22BF25
:10090000B61A754640EA5C005B084FEA3202B6EB65
:10091000020E75EB030E22BFB61A754640EA9C0024
:100920005B084FEA3202B6EB020E75EB030E22BFF4
:10093000B61A754640EADC0055EA060E18D04FEAB2
:10094000051545EA16754FEA06164FEAC30343EA52
:1009500052734FEAC2025FEA1C1CC0D111F4801F1F
:100960000BD141EA00014FF000004FF0004CB6E718
:1009700011F4801F04BF01430020B4F1FD0C88BFB7
:10098000BCF5E06F3FF6AFAEB5EB030C04BFB6EBC2
:10099000020C5FEA500C50F1000041EB045170BDB5
:1009A0000EF0004E4EEA113114EB5C04C2BFD4EBE2
:1009B0000C0541EA045170BD41F480114FF0000E66
:1009C000013C90E645EA060E8DE60CEA135594EAE2
:1009D0000C0F08BF95EA0C0F3FF43BAF94EA0C0FE5
:1009E0000AD150EA01347FF434AF95EA0C0F7FF45A
:1009F00025AF104619462CE795EA0C0F06D152EAAE
:100A000003353FF4FDAE1046194622E750EA410691
:100A100018BF52EA43067FF4C5AE50EA41047FF4A2
:100A20000DAF52EA43057FF4EBAE12E74FF0FF3C07
:100A300006E000BF4FF0010C02E000BF4FF0010CD8
:100A40004DF804CD4FEA410C7FEA6C5C4FEA430C51
:100A500018BF7FEA6C5C1BD001B050EA410C0CBFA0
:100A600052EA430C91EA030F02BF90EA020F002002
:100A7000704710F1000F91EA030F58BF994208BF69
:100A800090422CBFD8176FEAE37040F00100704726
:100A90004FEA410C7FEA6C5C02D150EA013C07D17D
:100AA0004FEA430C7FEA6C5CD6D152EA033CD3D0C8
:100AB0005DF8040B704700BF8446104662468C46C2
:100AC0001946634600E000BF01B5FFF7B7FF0028F5
:100AD00048BF10F1000F01BD4DF808EDFFF7F4FF1E
:100AE0000CBF012000205DF808FB00BF4DF808EDA9
:100AF000FFF7EAFF34BF012000205DF808FB00BFCC
:100B00004DF808EDFFF7E0FF94BF012000205DF8ED
:100B100008FB00BF4DF808EDFFF7CEFF94BF0120A2
:100B200000205DF808FB00BF4DF808EDFFF7C4FF9B
:100B300034BF012000205DF808FB00BF4FEA410CE4
:100B40007FEA6C5C02D150EA013C0AD14FEA430CC7
:100B50007FEA6C5C02D152EA033C02D14FF0000004
:100B600070474FF0010070474FEA410212F5001242
:100B700015D211D56FF47873B3EB625212D94FEAE4
:100B8000C12343F0004343EA505311F0004F23FACE
:100B900002F018BF404270474FF00000704750EA23
:100BA000013005D111F0004008BF6FF000407047E0
:100BB0004FF00000704700BF4FEA4102B2F1E0433E
:100BC00024BFB3F5001CDCF1FE5C0DD901F0004C34
:100BD0004FEAC0024CEA5070B2F1004F40EB830084
:100BE00008BF20F00100704711F0804F21D113F1B0
:100BF0003872BCBF01F00040704741F480114FEAE9
:100C00005252C2F11802C2F1200C10FA0CF320FA71
:100C100002F018BF40F001004FEAC1234FEAD3238E
:100C200003FA0CFC40EA0C0023FA02F34FEA4303F8
:100C3000CCE77FEA625307D150EA01331EBF4FF081
:100C4000FE4040F44000704701F0004040F0FE409C
:100C500040F40000704700BF53B94AB9002908BFEB
:100C600000281CBF4FF0FF314FF0FF3000F088B973
:100C7000ADF1080C6DE904CE00F006F8DDF804E0F3
:100C8000DDE9022304B070472DE9F047089D8E4648
:100C900004468846002B4AD18A42174662D9B2FAE6
:100CA00082F64EB1C6F1200301FA06F820FA03F3EA
:100CB000B74043EA0808B4404FEA174E1FFA87FCD2
:100CC000B8FBFEF1230C0EFB118843EA084301FB3D
:100CD0000CF29A4209D9FB1801F1FF3080F0EA804A
:100CE0009A4240F2E78002393B449A1AA3B2B2FB1F
:100CF000FEF00EFB102243EA024300FB0CFC9C4575
:100D000009D9FB1800F1FF3280F0D6809C4540F2F3
:100D1000D3803B44023840EA0140A3EB0C0300219E
:100D20001DB1F3400022C5E90032BDE8F0878B42D7
:100D300005D90DB1C5E9000100210846F5E7B3FA70
:100D400083F1002946D1734502D3824200F2058126
:100D5000841A6EEB030201209046002DE5D0C5E910
:100D60000048E2E7002A00F09080B2FA82F6002EF6
:100D700040F0A4808A1A030C4FEA174E80B2BCB22E
:100D80000121B2FBFEFC0EFB1C2243EA024304FBE2
:100D90000CF29A4207D9FB180CF1FF3802D29A42A2
:100DA00000F2E080C4469B1AB3FBFEF20EFB123346
:100DB00040EA034302FB04F49C4207D9FB1802F10A
:100DC000FF3002D29C4200F2CA8002461B1B42EA5C
:100DD0000C40A5E7C1F120068B4022FA06F71F431D
:100DE0000EFA01F420FA06F32EFA06FE4FEA17492E
:100DF000234300FA01F81FFA87FCBEFBF9F01C0C34
:100E000009FB10EE44EA0E4400FB0CFEA64502FA74
:100E100001F209D93C1900F1FF3A80F09C80A64507
:100E200040F2998002383C44A4EB0E041FFA83FE82
:100E3000B4FBF9F309FB13444EEA044403FB0CFC36
:100E4000A44508D93C1903F1FF3E80F08280A445F7
:100E50007FD9023B3C4443EA0040A4EB0C04A0FBD6
:100E600002EC64457346E14662D35FD05DB1B8EBF6
:100E7000030264EB090404FA06F622FA01F31E43A6
:100E8000CC40C5E9006400214FE7B1FBF2FC010C46
:100E900041EA0E4180B240EA01423B4638463C46B8
:100EA000B846BE462026B1FBF7F1A2EB080241EAA4
:100EB0000C4166E7014618E710462CE7C6F1200210
:100EC0002EFA02F3B740B14020FA02F24FEA174E71
:100ED0000A43B3FBFEF8BCB20EFB1833110C41EA17
:100EE000034108FB04F9B04089454FEA104380B242
:100EF0003ED9791808F1FF3C01D289451FD8A1EBF2
:100F00000901B1FBFEF909FB04F80EFB191192B2BD
:100F100042EA0142424529D2BA1809F1FF31C4D24E
:100F20004245C2D2A9F102013A44BEE7F0459DD242
:100F3000BEEB02036CEB070C0138E14696E7A7EB2A
:100F400009094944A8F1020CB1FBFEF909FB04F8B8
:100F5000DBE773467FE7504666E70846FDE63B441D
:100F6000023A33E7ACF1020C3B441CE749469CE7EC
:100F7000A1EB0901C446B1FBFEF909FB04F8C4E783
:100F8000704700BF80B500AF642001F0F1FF00F0B2
:100F90003DF900F0A9F8534B1B7819463C2000F0AE
:100FA000ABF8504B1B781946AE2000F0A5F84D4B1E
:100FB0001B781946D52000F09FF84A4B1B7819463C
:100FC000802000F099F8474B1B781946A82000F0C4
:100FD00093F8444B1B7819463F2000F08DF8414BA5
:100FE0001B781946D32000F087F83E4B1B78194632
:100FF000002000F081F83B4B1B781946402000F0A0
:101000007BF8384B1B7819468D2000F075F8354B6E
:101010001B781946142000F06FF8324B1B781946E4
:10102000202000F069F82F4B1B781946022000F0B1
:1010300063F82C4B1B781946A12000F05DF8294B72
:101040001B781946C82000F057F8264B1B78194624
:10105000DA2000F051F8234B1B781946122000F0DB
:101060004BF8204B1B781946812000F045F81D4BAA
:101070001B781946CF2000F03FF81A4B1B78194611
:10108000D92000F039F8174B1B781946F12000F0F1
:1010900033F8144B1B781946DB2000F02DF8114B68
:1010A0001B781946402000F027F80E4B1B78194694
:1010B000A42000F021F80B4B1B781946A62000F065
:1010C0001BF8084B1B781946AF2000F015F80021DB
:1010D000002000F02DF800F0D1F800F097F800BFE4
:1010E00080BD00BFFC01002080B400AF00BFBD4642
:1010F0005DF8047B7047000080B586B002AF034600
:101100000A46FB711346BB71BB793B73FB797B735A
:1011100007F10C026423009302237821034803F0B3
:101120005FFB00BF1037BD4680BD00BFB008002088
:1011300080B582B000AF03460A46FB711346BB710F
:10114000BB79503BDBB2104A127811461846FFF7C4
:10115000D3FFFB7903F00F03DBB20B4A1278114681
:101160001846FFF7C9FFFB791B09DBB243F01003F8
:10117000DBB2054A127811461846FFF7BDFF00BFE3
:101180000837BD4680BD00BFFC01002080B586B099
:1011900002AF0346FB710123FB730023BB73184BA3
:1011A0001A78184B1A700023BB7321E0BB7B1946D9
:1011B0000020FFF7BDFF124B1A78124B1A70012363
:1011C000FB7306E0FB7B0F49FA79CA54FB7B0133C2
:1011D000FB73FB7B802BF5D94FF49673009381232F
:1011E000084A7821084803F0FBFABB7B0133BB7344
:1011F000BB7B072BDAD900BF00BF1037BD4680BDCF
:101200000000002000020020B008002080B483B05D
:1012100000AF00237B6007E0094A7B68134400228B
:101220001A707B6801337B607B68B3F5806FF3D302
:1012300000BF00BF0C37BD465DF8047B704700BFA0
:101240000002002080B483B000AF00237B6007E081
:10125000094A7B681344FF221A707B6801337B6064
:101260007B68B3F5806FF3D300BF00BF0C37BD467A
:101270005DF8047B704700BF0002002080B500AF1E
:10128000FFF7C4FF00F054F800BF80BD80B5C6B0C2
:1012900002AF07F58873A3F5867318600A4607F551
:1012A0008873A3F587731A801F4B1A7807F5887324
:1012B000A3F582731A70002387F80F3115E097F8B1
:1012C0000F3107F58872A2F5867212681A4497F8F2
:1012D0000F310133117807F58872A2F58272D1546B
:1012E00097F80F31013387F80F3197F80F319BB220
:1012F00007F58872A2F5877212889A42DFD807F53F
:101300008873A3F587731B8801339BB207F10C0226
:101310000A2100917821054803F062FA00BF07F521
:101320008877BD4680BD00BF00000020B0080020C7
:1013300080B582B000AF0023FB712FE0FB79503BFA
:10134000DBB21A4A127811461846FFF7D5FE174B42
:101350001B7819460020FFF7CFFE144B1B78194667
:101360001020FFF7C9FE0023BB8009E0BA88BB88C4
:1013700001330F49895C0E4AD154BB880133BB80CD
:10138000BB887F2BF2D9FB79DB01094A134480210A
:101390001846FFF77BFFFB790133FB71FB79072BC5
:1013A000CCD900BF00BF0837BD4680BDFC0100207E
:1013B0000002002080B483B000AF0346FB800B46E0
:1013C000BB801346FB70FB78002B1AD1FA88BB88D0
:1013D000DB0898B20346DB0113441B4AD35C5AB2C4
:1013E000BB8803F00703012101FA03F35BB2134347
:1013F00059B2FA880346DB011344C9B2124AD154E8
:101400001BE0FA88BB88DB0898B20346DB01134473
:101410000D4AD35C5AB2BB8803F00703012101FADD
:1014200003F35BB2DB435BB2134059B2FA88034665
:10143000DB011344C9B2044AD15400BF0C37BD4686
:101440005DF8047B704700BF0002002090B585B0B6
:1014500000AF0446084611461A462346FB80034661
:10146000BB800B467B8013463B80B7F902300733C5
:10147000002B00DA0733DB103B810023FB7397F866
:101480002430002B0CBF01230023DBB287F824306B
:1014900097F82830012B08D197F82430002B02D17F
:1014A000FFF7B4FE01E0FFF7CDFE0023BB8144E06F
:1014B00000237B812FE07B8903F00703002B03D0FF
:1014C000FB7B5B00FB7312E0B7F90C30B7F9082027
:1014D00003FB02F2B7F90A30002B00DA0733DB1006
:1014E0001BB213441A463B6A13441B78FB7397F9EB
:1014F0000F30002B09DAFA887B8913449BB2B98834
:1015000097F824201846FFF755FFB7F90A309BB229
:1015100001339BB27B81B7F90A20B7F902309A42B6
:10152000C9DBB7F90C309BB201339BB2BB81B7F971
:1015300004309BB201339BB2BB80B7F90C20B7F9E2
:1015400000309A42B4DBFFF7F3FE00BF1437BD460C
:1015500090BD000080B586B000AF3B600346FB71D4
:101560000B46BB7113467B710023FB723B681A78F4
:101570003B6801331B7812FB03F3DBB20133DAB2B1
:101580002F4B1A703B681A782E4B1A703B68013348
:101590001B78BB727B79203BFB72FA79294B1B7855
:1015A000C3F180039A4204DD0023FB71BB79013350
:1015B000BB71BA79BB7AC3F108039A4203DD0023F9
:1015C000FB710023BB71FB7A1D4A127802FB03F307
:1015D0000333FB60FB79013BFB7100237B6123E05C
:1015E000FB790133FB71BB79FB7414E0FA7CFB7966
:1015F00011461846FFF79CFDFB685A1CFA603A68D2
:1016000013441B78104A127811461846FFF774FDF0
:10161000FB7C0133FB74FA7CB979BB7A0B449A42A8
:10162000E4DB7B6901337B61064B1B781A467B69DF
:101630009342D5D300BF00BF1837BD4680BD00BF61
:10164000FD010020FE0100200000002080B586B0D2
:1016500000AF3B600346FB710B46BB7113467B71C9
:101660000023FB723B681A783B6801331B7812FB3E
:1016700003F3DBB20133DAB2304B1A703B681A78ED
:101680002F4B1A703B6801331B78BB727B79203B70
:10169000FB72FA792A4B1B78C3F180039A4204DD6E
:1016A0000023FB71BB790133BB71BA79BB7AC3F1FB
:1016B00008039A4203DD0023FB710023BB71FB7A10
:1016C0001E4A127802FB03F30333FB60FB79013BF4
:1016D000FB7100237B6125E0FB790133FB71BB7952
:1016E000FB7416E0FA7CFB7911461846FFF720FDE3
:1016F000FB685A1CFA603A6813441B78DB43DBB280
:10170000104A127811461846FFF7F6FCFB7C0133AD
:10171000FB74FA7CB979BB7A0B449A42E2DB7B69B1
:1017200001337B61064B1B781A467B699342D3D306
:1017300000BF00BF1837BD4680BD00BFFD010020BF
:10174000FE0100200000002080B586B000AFBA6026
:101750007B600346FB730B46BB730023FB75FB7D6D
:101760005A1CFA751A46BB6813441A78B97BF87B81
:101770007B68FFF76BFF0B4B1A78FB7B1344FB7303
:10178000FB7DBA6813441B781F2B06D9FB7DBA6812
:1017900013441B785BB2002BE1DA00BF1837BD465B
:1017A00080BD00BFFE01002080B586B000AFBA60EA
:1017B0007B600346FB730B46BB730023FB75FB7D0D
:1017C0005A1CFA751A46BB6813441A78B97BF87B21
:1017D0007B68FFF7BFFE0B4B1A78FB7B1344FB7350
:1017E000FB7DBA6813441B781F2B06D9FB7DBA68B2
:1017F00013441B785BB2002BE1DA00BF1837BD46FB
:1018000080BD00BFFE01002080B500AF0B4BDB6840
:101810000A4A43F08073D360094B1B68084A43F0BF
:101820000103136003F05AFF0346064AA2FB032399
:101830009B0C054A136000BF80BD00BFF0ED00E0C7
:10184000001000E083DE1B430006002080B483B05C
:1018500000AF7860094B00225A6000BF074B5A68FE
:10186000074B1B68796801FB03F39A42F6D900BF66
:1018700000BF0C37BD465DF8047B7047001000E0E8
:101880000006002080B58CB000AF0346FB714FF01E
:1018900000024FF00003C7E90A234FF000033B6248
:1018A0004FF00003FB614FF4FA73BB6100237B62CE
:1018B0003DE00A223649374801F0C2FB0A20FFF713
:1018C000C5FFFB79324A32F8133007EE903AF8EE52
:1018D000E77A9FED317A27EE877ADFED306AC7EE3F
:1018E000267AC7ED087AFB792D4A9B001344D3ED85
:1018F000007A97ED087A77EE677AC7ED077AD7ED29
:10190000077A67EEA77A17EE900AFEF725FE0246E1
:101910000B46D7E90A01FEF7C1FC02460B46C7E9B0
:101920000A232820FFF792FF7B6A01337B627A6AE1
:10193000BB699A42BDD3B869FEF7ECFD02460B467F
:10194000D7E90A01FEF78AFF02460B46C7E90423DE
:10195000D7E90401FFF730F9034600EE103A07F02B
:1019600097FF87ED030AD7ED037A9FED0E7AF4EE29
:10197000C77AF1EE10FA02D54FF0000300E0FB68E1
:1019800007EE903AB0EE670A3037BD4680BD00BF23
:10199000CC070020080800203333534000F07F4577
:1019A000E00700200AD7233C80B500AF3D4B1B6801
:1019B000022B75D13C4B1B68012B1FD101224FF428
:1019C00000513A4802F0AEFD01224FF480713848D0
:1019D00002F0A8FD00224FF40041344802F0A2FDBD
:1019E00000224FF48041314802F09CFD31493248D9
:1019F00001F0DBF93149304801F0D7F92A4B1B6877
:101A0000022B25D100224FF40051284802F08AFD14
:101A100001224FF40041254802F084FD284B1B6849
:101A2000184601F0A5FA01224FF480411F4802F048
:101A300079FD01224FF480711D4802F073FD2149A8
:101A40001D4801F0B2F920491B4801F0AEF927E02A
:101A5000154B1B68032B23D100224FF40051134870
:101A600002F060FD01224FF40041104802F05AFDDF
:101A700041F2883001F07CFA00224FF400410B481B
:101A800002F050FD41F2883001F072FA01224FF469
:101A90000041064802F046FD0C49074801F085F96F
:101AA00000BF80BD0C060020080600200004024094
:101AB00000000240F0980008040900200099000886
:101AC000080000201499000824990008389900089B
:101AD00080B500AF2C4B1B68012B52D12B4BD3EDA3
:101AE000007A9FED2B7AF4EEC77AF1EE10FA13D458
:101AF000284BD3ED007A9FED267AF4EEC77AF1EE0B
:101B000010FA09D4244BD3ED007A9FED217AF4EE3C
:101B1000C77AF1EE10FA0AD5204B1B68022B2ED0A3
:101B20001E4B02221A60184B02221A6027E0174B44
:101B3000D3ED007A9FED167AF4EEC77AF1EE10FA43
:101B40001DDB144BD3ED007A9FED117AF4EEC77ACA
:101B5000F1EE10FA13DB104BD3ED007A9FED0C7A07
:101B6000F4EEC77AF1EE10FA09DB0C4B1B68012B7F
:101B700005D00A4B01221A60034B02221A60FFF7BC
:101B800013FF00BF80BD00BF0C0600201806002018
:101B90006F12833A1C060020200600200806002051
:101BA00080B584B004AF4FF400418B4802F0A2FC32
:101BB0000346002B17D10123029300230193874B87
:101BC00000932D232C2214210020FFF73FFC844B8F
:101BD000844A00211420FFF7B7FD834B01221A60CD
:101BE000C82001F0C5F90821804802F083FC0346B3
:101BF000002B1AD17C4B02221A607D4B00221A6006
:101C000001230293002301937A4B00932D232C226E
:101C100014210020FFF71AFC714B774A0021142091
:101C2000FFF792FDC82001F0A3F910216F4802F0E0
:101C300061FC0346002B17D16B4B03221A60012372
:101C40000293002301936D4B00932D232C2214212A
:101C50000020FFF7FBFB624B694A00211420FFF7CD
:101C600073FDC82001F084F94FF400715F4802F061
:101C700041FC0346002B1BD1594B624A05214620EB
:101C8000FFF762FD564B604A00210020FFF75CFD24
:101C9000FFF74EFBFFF7BAFAFF20FFF777FA524B38
:101CA00000221A60524B00221A60C82001F060F92D
:101CB0004FF480714D4802F01DFC0346002B40F0AC
:101CC0008780494B1B68012B0AD1FFF731FB444B3E
:101CD0004E4A01211420FFF737FD454B01221A60BF
:101CE000414B1B68022B0AD1FFF722FB3C4B474AB2
:101CF00001211420FFF728FD3D4B02221A603A4BC8
:101D00001B68032B61D1424B1B680133404A1360AF
:101D10003F4B1B68042B02DD3D4B01221A603C4BFC
:101D20001B68012B10D1FFF703FB3A4B01221A600D
:101D30002B4B394A02213220FFF706FD284B374A48
:101D400004213220FFF700FD314B1B68022B12D11A
:101D5000FFF7EEFA2F4B02221A60214B2E4A022186
:101D60003220FFF7F1FC1E4B2D4A04213220FFF7F1
:101D7000EBFCFFF719FE264B1B68032B10D1FFF776
:101D8000D7FA244B03221A60154B234A0221322032
:101D9000FFF7DAFC124B234A04213220FFF7D4FC70
:101DA0001B4B1B68042B10D1FFF7C2FA194B0422FE
:101DB0001A600B4B184A02213220FFF7C5FC084B72
:101DC000194A04213220FFF7BFFCC82001F0D0F8E7
:101DD00000BFBD4680BD00BF00000240A0B80008A3
:101DE000089A0008449900080406002000040240F4
:101DF00008060020B0B700084899000880BA00081B
:101E00005099000858990008609900086C990008DA
:101E1000040000200C060020789900088099000832
:101E200088990008909900089899000880B500AF3B
:101E30005221214805F045FC0346002B09D01E49DC
:101E40001E4800F0B2FF1E4B02221A601D4B0122F9
:101E50001A605021184805F034FC0346002B09D0C5
:101E60001549164800F0A1FF154B02221A60154BC8
:101E700002221A601449104805F030FC0346002B7A
:101E80000AD00D490D4800F090FF0D4B02221A6058
:101E90000C4B03221A600DE00C49074805F01EFCAC
:101EA0000346002B06D00449044800F07EFF084B8F
:101EB00001221A6000BF80BDB00900200409002083
:101EC0000C06002008060020A0990008A49900082C
:101ED000140600202DE9B04F8CB008AF00F0D6FFFB
:101EE00000F034FA00F0F6FB00F0CCFB00F072FBDF
:101EF00000F09EFB00F092FA00F06EFFFFF784FC0A
:101F0000FFF740F87B4B7C4A02210020FFF74CFC96
:101F10007A4B1B68184601F02BF8FFF7AFF9FF204A
:101F2000FFF734F90A227649764801F089F86420EF
:101F300001F01EF800F050FF0020FFF7A3FCF0EEC8
:101F4000407A714BC3ED007A0120FFF79BFCF0EE65
:101F5000407A6E4BC3ED007A0220FFF793FCF0EE5F
:101F6000407A6B4BC3ED007A0320FFF78BFCF0EE59
:101F7000407A684BC3ED007A0420FFF783FCF0EE53
:101F8000407A654BC3ED007A0520FFF77BFCF0EE4D
:101F9000407A624BC3ED007A0620FFF773FCF0EE47
:101FA000407A5F4BC3ED007A0720FFF76BFCF0EE41
:101FB000407A5C4BC3ED007A0820FFF763FCF0EE3B
:101FC000407A594BC3ED007A00224FF40051574834
:101FD00002F0A8FA4C4B1B681846FEF7BDFAC7E999
:101FE00000014A4B1B681846FEF7B6FA04460D4638
:101FF000474B1B681846FEF7AFFA80468946454BAB
:102000001B681846FEF7A8FA82468B46424B1B68AF
:102010001846FEF7A1FA02460B46CDE90623CDE9A4
:1020200004ABCDE90289CDE90045D7E90023404959
:10203000404805F0D9FA3F493F4800F0B6FE01227A
:102040004FF40051394802F06DFAC82000F090FFBB
:102050003A4B1B68012B34D13949374800F0A5FEB3
:1020600000224FF40051314802F05CFA0023FB7368
:1020700018E0FB7B224A32F8133007EE903AF8EE74
:10208000E77A9FED307A27EE877AFB7BDFED2E6AC9
:10209000C7EE267A2D4A9B001344C3ED007AFB7BE2
:1020A0000133FB73FB7B092BE3D9FA2000F060FFBF
:1020B00001224FF400511D4802F034FA1F4B002258
:1020C0001A60234B1B68042B6BD14FF480512148BD
:1020D00002F010FA0346002B63D11949164800F0AC
:1020E00064FE00224FF40051104802F01BFA002356
:1020F000BB734AE0ECA10008A89900080800002082
:10210000CC07002008080020180600201C0600202C
:102110002006002024060020280600202C0600208F
:102120003006002034060020380600200008024057
:10213000B09900083C060020040900201406002085
:10214000E49900083333534000F07F45E007002056
:102150001006002000000240BB7B674A32F81330B3
:1021600007EE903AF8EEE77A9FED647A27EE877AE9
:10217000BB7BDFED636AC7EE267A624A9B0013449D
:10218000C3ED007ABB7B0133BB73BB7B092BE3D967
:10219000FA2000F0EDFE01224FF400515A4802F0FF
:1021A000C1F9FFF7FDFCFFF7FFFB2021574802F0C4
:1021B000A1F90346002B6BD1012302930023019365
:1021C000534B00932D232C2214210020FFF73EF9BE
:1021D000504B1B68012B13D1FFF7AAF84E4B01227D
:1021E0001A604E4B01221A604D4B4E4A022132209A
:1021F000FFF7AAFA4A4B4C4A04213220FFF7A4FA0F
:10220000444B1B68022B0DD1FFF792F8444B454A13
:1022100002213220FFF798FA414B444A0421322030
:10222000FFF792FA3B4B1B68032B10D1FFF780F8A6
:102230003A4B03221A603A4B3A4A02213220FFF706
:1022400083FA374B3A4A04213220FFF77DFA314BAB
:102250001B68042B10D1FFF76BF8304B04221A6077
:102260002F4B304A02213220FFF76EFA2C4B314AB5
:1022700004213220FFF768FA294B2F4A002114204D
:10228000FFF762FA2D4B04221A60C82000F070FE9E
:10229000224B1B68032B0AD1294B1B78012B06D13B
:1022A000FFF7C4FD264B00221A7000F095FD1B4B72
:1022B0001B68012B01D1FFF70BFC224B1B68002B85
:1022C0007FF43AAE00224FF40051104802F02AF990
:1022D00000224FF480410D4802F024F900224FF40F
:1022E00000410A4802F01EF900224FF4807116489E
:1022F00002F018F920E600BFCC070020333353402A
:1023000000F07F45E0070020000802400004024082
:1023100090B90008040000200C06002010060020E0
:10232000089A0008789900088099000888990008A0
:102330009099000898990008009A00080406002067
:10234000B2090020080600200000024080B594B0C9
:1023500000AF07F1200330220021184605F0A9F94B
:1023600007F10C0300221A605A609A60DA601A6161
:102370000023BB60274B1B6C264A43F08053136439
:10238000244B1B6C03F08053BB60BB6800237B6055
:10239000214B1B68204A43F4404313601E4B1B68CB
:1023A00003F440437B607B6802233B620123FB62B2
:1023B00010233B630223BB630023FB6308233B64BE
:1023C00064237B640223BB640423FB6407F12003C2
:1023D000184602F05FFD0346002B01D000F022FA00
:1023E0000F23FB6002233B6100237B614FF480538A
:1023F000BB610023FB6107F10C030321184602F0C7
:10240000C1FF0346002B01D000F00CFA00BF50378B
:10241000BD4680BD003802400070004080B584B0E9
:1024200000AF3B4600221A605A609A60DA60664B41
:10243000664A1A60644B4FF480325A60624B002245
:102440009A60614B01221A615F4B00221A765E4B43
:10245000002283F820205C4B0022DA625A4B5C4A4F
:102460009A62594B0022DA60574B0A22DA61564BC6
:10247000002283F83020544B01225A61524800F068
:102480009BFD0346002B01D000F0CCF900233B60FC
:1024900001237B600323BB603B4619464A4800F09A
:1024A000E1FE0346002B01D000F0BCF901233B60A4
:1024B00002237B600723BB603B461946424800F07D
:1024C000D1FE0346002B01D000F0ACF902233B60A3
:1024D00003237B600323BB603B4619463A4800F068
:1024E000C1FE0346002B01D000F09CF903233B60A2
:1024F00004237B600723BB603B461946324800F04B
:10250000B1FE0346002B01D000F08CF904233B60A0
:1025100005237B603B4619462B4800F0A3FE03468B
:10252000002B01D000F07EF905233B6006237B6081
:102530000323BB603B461946234800F093FE034645
:10254000002B01D000F06EF906233B6007237B606F
:102550000723BB603B4619461B4800F083FE034639
:10256000002B01D000F05EF907233B6008237B605D
:102570003B461946144800F075FE0346002B01D077
:1025800000F050F908233B6009237B603B46194665
:102590000D4800F067FE0346002B01D000F042F921
:1025A00009233B600A237B600323BB603B4619463B
:1025B000054800F057FE0346002B01D000F032F929
:1025C00000BF1037BD4680BD080800200020014034
:1025D0000100000F80B500AF124B134A1A60114B77
:1025E000124A5A600F4B00229A600E4B0022DA60AA
:1025F0000C4B4FF480421A610A4B00225A61094B7E
:1026000000229A61074B0022DA61064B00221A620F
:10261000044801F0A1FF0346002B01D000F002F9AD
:1026200000BF80BDB008002000540040801A0600A2
:1026300080B500AF114B124A1A60104B4FF416527E
:102640005A600E4B00229A600C4B0022DA600B4B52
:1026500000221A61094B0C225A61084B00229A6130
:10266000064B0022DA61054803F06CF80346002BA4
:1026700001D000F0D7F800BF80BD00BF04090020E2
:102680000010014080B582B000AF00237B60104B8A
:102690001B6B0F4A43F4800313630D4B1B6B03F456
:1026A00080037B607B6800220021382001F065F9FF
:1026B000382001F07EF9002200213A2001F05DF976
:1026C0003A2001F076F900BF0837BD4680BD00BF53
:1026D0000038024080B58AB000AF07F11403002231
:1026E0001A605A609A60DA601A6100233B61494BB4
:1026F0001B6B484A43F004031363464B1B6B03F008
:1027000004033B613B690023FB60424B1B6B414A66
:1027100043F0800313633F4B1B6B03F08003FB60AC
:10272000FB680023BB603B4B1B6B3A4A43F0010341
:102730001363384B1B6B03F00103BB60BB680023C2
:102740007B60344B1B6B334A43F002031363314B02
:102750001B6B03F002037B607B6801224FF4005186
:102760002D4801F0DFFE00224FF460412B4801F0BC
:10277000D9FE00224FF48071294801F0D3FE4FF4B6
:1027800000537B610123BB610023FB6100233B629B
:1027900007F114031946204801F028FD4FF4604367
:1027A0007B610123BB610023FB6100233B6207F1D6
:1027B00014031946194801F019FD4FF480737B6129
:1027C0000123BB610023FB6100233B6207F114037B
:1027D0001946134801F00AFD4FF418437B610023AA
:1027E000BB610123FB6107F1140319460C4801F09A
:1027F000FDFC4FF44E737B610023BB610123FB6141
:1028000007F114031946054801F0F0FC00BF283712
:10281000BD4680BD0038024000080240000402406E
:102820000000024080B400AF72B600BF00BFFDE7F9
:1028300080B483B000AF00237B60104B5B6C0F4A09
:1028400043F4804353640D4B5B6C03F480437B6023
:102850007B6800233B60094B1B6C084A43F08053A4
:102860001364064B1B6C03F080533B603B6800BF56
:102870000C37BD465DF8047B704700BF003802404E
:1028800080B58AB000AF786007F1140300221A60A7
:102890005A609A60DA601A617B681B683C4A93420E
:1028A00071D100233B613B4B5B6C3A4A43F480732C
:1028B0005364384B5B6C03F480733B613B690023CA
:1028C000FB60344B1B6B334A43F001031363314B02
:1028D0001B6B03F00103FB60FB680023BB602D4B07
:1028E0001B6B2C4A43F0020313632A4B1B6B03F050
:1028F0000203BB60BB68FF237B610323BB61002332
:10290000FB6107F114031946234801F06FFC032310
:102910007B610323BB610023FB6107F114031946AC
:102920001E4801F063FC1E4B1E4A1A601C4B00221D
:102930005A601B4B00229A60194B0022DA60184B38
:102940004FF480621A61164B4FF400625A61144BC7
:102950004FF400529A61124B4FF48072DA61104BBF
:1029600000221A620E4B00225A620D4801F03CF818
:102970000346002B01D0FFF755FF7B68084A9A6396
:10298000074A7B68936300BF2837BD4680BD00BF00
:1029900000200140003802400000024000040240D4
:1029A000500800201064024080B58AB000AF786003
:1029B00007F1140300221A605A609A60DA601A6103
:1029C0007B681B68194A93422BD100233B61184B4B
:1029D0001B6B174A43F002031363154B1B6B03F089
:1029E00002033B613B69C0237B611223BB6100236F
:1029F000FB6103233B6204237B6207F11403194646
:102A00000C4801F0F3FB0023FB60094B1B6C084AE8
:102A100043F400131364064B1B6C03F40013FB60B8
:102A2000FB6800BF2837BD4680BD00BF0054004092
:102A3000003802400004024080B58AB000AF7860E0
:102A400007F1140300221A605A609A60DA601A6172
:102A50007B681B68344A934262D100233B61334B4D
:102A60005B6C324A43F010035364304B5B6C03F0F1
:102A700010033B613B690023FB602C4B1B6B2B4A13
:102A800043F001031363294B1B6B03F00103FB604D
:102A9000FB684FF4C0637B610223BB610023FB61D1
:102AA00003233B6207237B6207F114031946204886
:102AB00001F09CFB1F4B204A1A601E4B4FF0006236
:102AC0005A601C4B00229A601A4B0022DA60194BA4
:102AD0004FF480621A61174B00225A61154B002295
:102AE0009A61144B0022DA61124B00221A62114BD8
:102AF00000225A620F4800F077FF0346002B01D0F6
:102B0000FFF790FE7B680B4ADA630A4A7B6893639F
:102B100000220021252000F030FF252000F049FF91
:102B200000BF2837BD4680BD00100140003802407C
:102B3000000002404C0900204064024080B400AF15
:102B400000BFFDE780B400AF00BFFDE780B400AF79
:102B500000BFFDE780B400AF00BFFDE780B400AF69
:102B600000BFFDE780B400AF00BFBD465DF8047B49
:102B7000704780B400AF00BFBD465DF8047B70476E
:102B800080B400AF00BFBD465DF8047B704780B5E0
:102B900000AF00F0CDF900BF80BD000080B500AFF0
:102BA000024802F003FF00BF80BD00BF04090020FF
:102BB00080B500AF024801F0AFF800BF80BD00BF94
:102BC0005008002080B500AF024801F0A5F800BF12
:102BD00080BD00BF4C09002080B400AF012318461F
:102BE000BD465DF8047B704780B582B000AF786069
:102BF000396004F0D3FD034616221A604FF0FF330C
:102C000018460837BD4680BD80B582B000AF7860F9
:102C10004FF0FF317868FFF7E7FF00BFFDE780B5B1
:102C200086B000AFF860B9607A6000237B610AE08B
:102C3000AFF300800146BB685A1CBA60CAB21A7072
:102C40007B6901337B617A697B689A42F0DB7B6840
:102C500018461837BD4680BD80B586B000AFF86015
:102C6000B9607A6000237B6109E0BB685A1CBA60D6
:102C70001B781846AFF300807B6901337B617A696A
:102C80007B689A42F1DB7B6818461837BD4680BDE9
:102C900080B483B000AF78604FF0FF3318460C3734
:102CA000BD465DF8047B704780B483B000AF7860A8
:102CB00039603B684FF400525A60002318460C37C5
:102CC000BD465DF8047B704780B483B000AF786088
:102CD000012318460C37BD465DF8047B704780B46D
:102CE00085B000AFF860B9607A60002318461437E9
:102CF000BD465DF8047B704780B586B000AF786054
:102D0000144A154BD31A7B617B693B61134B1B68DB
:102D1000002B02D1114B124A1A60104B1A687B68C3
:102D200013443A699A4207D204F038FD03460C2254
:102D30001A604FF0FF3309E0084B1B68FB60074B3C
:102D40001A687B681344054A1360FB6818461837F5
:102D5000BD4680BD0000022000040000AC09002038
:102D6000080B002080B400AF064BD3F88830054A2A
:102D700043F47003C2F8883000BFBD465DF8047BA1
:102D8000704700BF00ED00E080B582B000AF786012
:102D90000B46FB70F91C4FF6FF730122786802F0B6
:102DA00021FD00BF0837BD4680BD80B582B000AFB1
:102DB0007860396007E03B685A1C3A601B78194616
:102DC0007868FFF7E1FF3B681B78002BF3D100BF69
:102DD00000BF0837BD4680BD80B500AF022200218C
:102DE000044804F066FC02220249034802F085FD13
:102DF00000BF80BDB00900200409002080B483B06A
:102E000000AF78600B467B807B681B68074A934263
:102E100005D1074A7B881380064B01221A7000BF38
:102E20000C37BD465DF8047B704700BF00100140C1
:102E3000B4090020B2090020DFF834D0FFF792FF78
:102E40000C480D490D4A002302E0D458C450043305
:102E5000C4188C42F9D30A4A0A4C002301E01360DB
:102E60000432A242FBD304F09FFCFFF733F8704713
:102E70000000022000000020E001002014BF000834
:102E8000E0010020080B0020FEE7000080B500AF45
:102E90000E4B1B680D4A43F4007313600B4B1B6809
:102EA0000A4A43F480631360084B1B68074A43F4E3
:102EB00080731360032000F055FD0F2000F008F828
:102EC000FFF7B6FC0023184680BD00BF003C02405F
:102ED00080B582B000AF7860124B1A68124B1B7835
:102EE00019464FF47A73B3FBF1F3B2FBF3F31846D0
:102EF00000F06DFD0346002B01D001230EE07B683E
:102F00000F2B0AD8002279684FF0FF3000F035FD12
:102F1000064A7B681360002300E001231846083747
:102F2000BD4680BD0C0000201400002010000020D1
:102F300080B400AF064B1B781A46064B1B6813443F
:102F4000044A136000BFBD465DF8047B704700BFB4
:102F500014000020B809002080B400AF034B1B68A8
:102F60001846BD465DF8047B704700BFB8090020D5
:102F700080B584B000AF7860FFF7EEFFB8607B6883
:102F8000FB60FB68B3F1FF3F05D00A4B1B781A4684
:102F9000FB681344FB6000BFFFF7DEFF0246BB681F
:102FA000D31AFA689A42F7D800BF00BF1037BD465F
:102FB00080BD00BF1400002080B584B000AF7860F1
:102FC0000023FB737B68002B01D1012333E07B6876
:102FD0001B6C002B09D17868FFF752FC7B6800223C
:102FE0005A647B68002283F83C207B681B6C03F0EA
:102FF0001003002B18D17B681B6C23F4885323F03B
:10300000020343F002027B681A64786800F05CFAFD
:103010007B6800225A647B681B6C23F0030343F037
:1030200001027B681A6401E00123FB737B680022C4
:1030300083F83C20FB7B18461037BD4680BD00005E
:1030400080B588B000AFF860B9607A6000237B611A
:103050000023FB77FB6893F83C30012B01D102235E
:10306000D0E0FB68012283F83C20FB681B689B686A
:1030700003F00103012B18D0FB681B689A68FB68FA
:103080001B6842F001029A60604B1B68604AA2FB19
:1030900003239A0C13465B0013447B6102E07B69B7
:1030A000013B7B617B69002BF9D1FB681B689B6846
:1030B00003F48073B3F5807F07D1FB681B689A68BF
:1030C000FB681B6822F480729A60FB681B689B682F
:1030D00003F00103012B40F08880FB681B6C23F494
:1030E000E06323F0010343F48072FB681A64FB6819
:1030F0001B685B6803F48063002B07D0FB681B6CC4
:1031000023F4405343F48052FB681A64FB681B6C41
:1031100003F48053B3F5805F06D1FB685B6C23F04A
:103120000602FB685A6402E0FB6800225A64FB68EE
:10313000002283F83C20374BBB61FB689B6B364A0F
:10314000DA63FB689B6B354A1A64FB689B6B344AF5
:10315000DA64FB681B686FF022021A60FB681B6868
:103160005A68FB681B6842F080625A60FB681B6803
:103170009A68FB681B6842F480729A60FB68986BDF
:10318000FB681B684C331946BA687B6800F0DAFCB0
:103190000346FB77BB695B6803F01F03002B0FD16D
:1031A000FB681B689B6803F04053002B29D1FB6828
:1031B0001B689A68FB681B6842F080429A6020E0B6
:1031C000FB681B68174A93421BD1FB681B689B680E
:1031D00003F04053002B14D1FB681B689A68FB680E
:1031E0001B6842F080429A600BE0FB681B6C43F066
:1031F0001002FB681A64FB685B6C43F00102FB6819
:103200005A64FB7F18462037BD4680BD0C00002065
:1032100083DE1B4300230140C13600087B370008D2
:10322000973700080020014080B483B000AF786079
:1032300000BF0C37BD465DF8047B704780B483B097
:1032400000AF786000BF0C37BD465DF8047B704767
:1032500080B483B000AF786000BF0C37BD465DF826
:10326000047B704780B485B000AF7860396000237C
:10327000BB607B6893F83C30012B01D1022313E142
:103280007B68012283F83C203B681B68092B25D909
:103290007B681B68D9683B681B689BB21A4613465B
:1032A0005B0013441E3B072202FA03F3DA437B68F8
:1032B0001B680A40DA607B681B68D9683B689A68BB
:1032C0003B681B689BB2184603465B0003441E3BE9
:1032D0009A407B681B680A43DA6022E07B681B68BF
:1032E00019693B681B689BB21A4613465B0013447E
:1032F000072202FA03F3DA437B681B680A401A616B
:103300007B681B6819693B689A683B681B689BB2BD
:10331000184603465B0003449A407B681B680A43D7
:103320001A613B685B68062B24D87B681B68596B65
:103330003B685A6813469B001344053B1F2202FA60
:1033400003F3DA437B681B680A405A637B681B6897
:10335000596B3B681B689BB218463B685A6813461A
:103360009B001344053B00FA03F27B681B680A4389
:103370005A634CE03B685B680C2B24D87B681B6865
:10338000196B3B685A6813469B001344233B1F226A
:1033900002FA03F3DA437B681B680A401A637B680E
:1033A0001B68196B3B681B689BB218463B685A68E0
:1033B00013469B001344233B00FA03F27B681B680F
:1033C0000A431A6323E07B681B68D96A3B685A6822
:1033D00013469B001344413B1F2202FA03F3DA43D6
:1033E0007B681B680A40DA627B681B68D96A3B68A5
:1033F0001B689BB218463B685A6813469B001344EF
:10340000413B00FA03F27B681B680A43DA62294BEE
:10341000FB607B681B68284A93420FD13B681B689E
:10342000122B0BD1FB685B6823F40002FB685A6027
:10343000FB685B6843F48002FB685A607B681B682A
:103440001D4A93422BD13B681B681C4A934203D010
:103450003B681B68112B22D1FB685B6823F4800258
:10346000FB685A60FB685B6843F40002FB685A60C3
:103470003B681B68114A934211D1114B1B68114ADA
:10348000A2FB03239A0C13469B0013445B00BB6012
:1034900002E0BB68013BBB60BB68002BF9D17B68D5
:1034A000002283F83C20002318461437BD465DF8FF
:1034B000047B7047002301400020014012000010EF
:1034C0000C00002083DE1B4380B485B000AF786021
:1034D000794BFB60FB685B6823F44032FB685A6001
:1034E000FB685A687B685B681A43FB685A607B68B4
:1034F0001B685A687B681B6822F480725A607B687C
:103500001B6859687B681B691A027B681B680A4341
:103510005A607B681B685A687B681B6822F040729F
:103520005A607B681B6859687B689A687B681B686F
:103530000A435A607B681B689A687B681B6822F4A0
:1035400000629A607B681B6899687B68DA687B68B0
:103550001B680A439A607B689B6A584A934222D050
:103560007B681B689A687B681B6822F070629A60AF
:103570007B681B6899687B689A6A7B681B680A434A
:103580009A607B681B689A687B681B6822F04052CF
:103590009A607B681B6899687B68DA6A7B681B683D
:1035A0000A439A600FE07B681B689A687B681B6817
:1035B00022F070629A607B681B689A687B681B685F
:1035C00022F040529A607B681B689A687B681B688F
:1035D00022F002029A607B681B6899687B681B7EF8
:1035E0005A007B681B680A439A607B6893F8203016
:1035F000002B1BD07B681B685A687B681B6842F4F1
:1036000000625A607B681B685A687B681B6822F4FA
:1036100060425A607B681B6859687B685B6A013B43
:103620005A037B681B680A435A6007E07B681B6883
:103630005A687B681B6822F400625A607B681B68CA
:10364000DA6A7B681B6822F47002DA627B681B68A6
:10365000D96A7B68DB69013B1A057B681B680A43F2
:10366000DA627B681B689A687B681B6822F40072C8
:103670009A607B681B6899687B6893F830305A02BF
:103680007B681B680A439A607B681B689A687B6842
:103690001B6822F480629A607B681B6899687B686B
:1036A0005B699A027B681B680A439A6000BF143703
:1036B000BD465DF8047B7047002301400100000F08
:1036C00080B584B000AF78607B689B6BFB60FB6863
:1036D0001B6C03F05003002B3CD1FB681B6C43F4C4
:1036E0000072FB681A64FB681B689B6803F0405318
:1036F000002B2BD1FB681B7E002B27D1FB681B689E
:10370000DB6A03F47003002B06D0FB681B689B6820
:1037100003F48063002B19D1FB681B685A68FB68AF
:103720001B6822F020025A60FB681B6C23F4807235
:10373000FB681A64FB681B6C03F48053002B05D1F3
:10374000FB681B6C43F00102FB681A64F868FFF722
:103750006BFD0EE0FB681B6C03F01003002B03D025
:10376000F868FFF775FD04E0FB689B6BDB6C78681D
:10377000984700BF1037BD4680BD80B584B000AF0C
:1037800078607B689B6BFB60F868FFF757FD00BFB4
:103790001037BD4680BD80B584B000AF78607B68CF
:1037A0009B6BFB60FB6840221A64FB685B6C43F018
:1037B0000402FB685A64F868FFF74AFD00BF10373F
:1037C000BD4680BD80B485B000AF78607B6803F0F3
:1037D0000703FB600C4BDB68BB60BA684FF6FF0366
:1037E0001340BB60FB681A02BB68134343F0BF631E
:1037F00043F40033BB60044ABB68D36000BF143796
:10380000BD465DF8047B704700ED00E080B400AF7A
:10381000044BDB681B0A03F007031846BD465DF83E
:10382000047B704700ED00E080B483B000AF034636
:10383000FB7197F90730002B0BDBFB7903F01F02BC
:10384000074997F907305B09012000FA02F241F8B5
:10385000232000BF0C37BD465DF8047B704700BFD6
:1038600000E100E080B483B000AF03463960FB7133
:1038700097F90730002B0ADB3B68DAB20C4997F95D
:1038800007301201D2B20B4483F800230AE03B68F0
:10389000DAB20849FB7903F00F03043B1201D2B2FC
:1038A0000B441A7600BF0C37BD465DF8047B7047A9
:1038B00000E100E000ED00E080B489B000AFF86006
:1038C000B9607A60FB6803F00703FB61FB69C3F131
:1038D0000703042B28BF0423BB61FB690433062BB9
:1038E00002D9FB69033B00E000237B614FF0FF320C
:1038F000BB6902FA03F3DA43BB681A407B699A405A
:103900004FF0FF317B6901FA03F3D9437B680B4029
:10391000134318462437BD465DF8047B704700000A
:1039200080B582B000AF78607B68013BB3F1807FE7
:1039300001D301230FE00A4A7B68013B53600F214A
:103940004FF0FF30FFF78EFF054B00229A60044BCB
:1039500007221A60002318460837BD4680BD00BF05
:1039600010E000E080B582B000AF78607868FFF7C3
:1039700029FF00BF0837BD4680BD80B586B000AFC7
:103980000346B9607A60FB7300237B61FFF73EFF5B
:1039900078617A68B9687869FFF78EFF024697F90F
:1039A0000F3011461846FFF75DFF00BF1837BD46C0
:1039B00080BD80B582B000AF0346FB7197F9073038
:1039C0001846FFF731FF00BF0837BD4680BD80B500
:1039D00082B000AF78607868FFF7A2FF0346184610
:1039E0000837BD4680BD000080B586B000AF786066
:1039F00000237B61FFF7B0FA38617B68002B01D1AF
:103A0000012399E07B68022283F835207B6800223D
:103A100083F834207B681B681A687B681B6822F077
:103A200001021A600FE0FFF797FA02463B69D31ACA
:103A3000052B08D97B6820225A657B68032283F80E
:103A40003520032378E07B681B681B6803F00103C3
:103A5000002BE8D17B681B681B687B617A69384B57
:103A600013407B617B685A687B689B681A437B685C
:103A7000DB681A437B681B691A437B685B691A43DE
:103A80007B689B691A437B68DB691A437B681B6A06
:103A900013437A6913437B617B685B6A042B07D10C
:103AA0007B68DA6A7B681B6B13437A6913437B611B
:103AB0007B681B687A691A607B681B685B697B613D
:103AC0007B6923F007037B617B685B6A7A69134338
:103AD0007B617B685B6A042B17D17B689B6A7A6980
:103AE00013437B617B68DB6A002B0ED0786800F0A3
:103AF00001FB0346002B08D07B6840225A657B6897
:103B0000012283F83520012316E07B681B687A695F
:103B10005A61786800F0B8FA0346FB607B68DB6D99
:103B20003F229A40FB689A607B6800225A657B6856
:103B3000012283F83520002318461837BD4680BD82
:103B40003F8010F080B586B000AFF860B9607A6051
:103B50003B600023FB75FB689B6D3B61FB6893F842
:103B60003430012B01D1022340E0FB68012283F8AD
:103B70003420FB6893F83530DBB2012B2FD1FB6882
:103B8000022283F83520FB6800225A653B687A6878
:103B9000B968F86800F04AFAFB68DB6D3F229A408A
:103BA0003B699A60FB681B681A68FB681B6842F0F7
:103BB00016021A60FB681B6C002B07D0FB681B68A1
:103BC0001A68FB681B6842F008021A60FB681B68F1
:103BD0001A68FB681B6842F001021A6005E0FB6886
:103BE000002283F834200223FB75FB7D184618372A
:103BF000BD4680BD80B584B000AF78607B689B6DAA
:103C0000FB60FFF7A9F9B8607B6893F83530DBB249
:103C1000022B08D07B6880225A657B68002283F8DB
:103C20003420012352E07B681B681A687B681B689C
:103C300022F016021A607B681B685A697B681B6851
:103C400022F080025A617B681B6C002B03D17B68D9
:103C50009B6C002B07D07B681B681A687B681B680D
:103C600022F008021A607B681B681A687B681B6870
:103C700022F001021A6013E0FFF76EF90246BB68FA
:103C8000D31A052B0CD97B6820225A657B68032246
:103C900083F835207B68002283F83420032315E065
:103CA0007B681B681B6803F00103002BE4D17B6871
:103CB000DB6D3F229A40FB689A607B68012283F8A3
:103CC00035207B68002283F8342000231846103703
:103CD000BD4680BD80B483B000AF78607B6893F848
:103CE0003530DBB2022B04D07B6880225A65012379
:103CF0000CE07B68052283F835207B681B681A6816
:103D00007B681B6822F001021A60002318460C37FA
:103D1000BD465DF8047B704780B586B000AF786023
:103D20000023BB608E4B1B688E4AA2FB03239B0AB9
:103D30007B617B689B6D3B613B691B68FB607B68BB
:103D4000DB6D08229A40FB681340002B1AD07B6879
:103D50001B681B6803F00403002B13D07B681B68EF
:103D60001A687B681B6822F004021A607B68DB6DAE
:103D700008229A403B699A607B685B6D43F00102C0
:103D80007B685A657B68DB6D01229A40FB681340B3
:103D9000002B12D07B681B685B6903F08003002B4B
:103DA0000BD07B68DB6D01229A403B699A607B688F
:103DB0005B6D43F002027B685A657B68DB6D042211
:103DC0009A40FB681340002B12D07B681B681B686D
:103DD00003F00203002B0BD07B68DB6D04229A40BA
:103DE0003B699A607B685B6D43F004027B685A65AF
:103DF0007B68DB6D10229A40FB681340002B43D098
:103E00007B681B681B6803F00803002B3CD07B68B1
:103E1000DB6D10229A403B699A607B681B681B68C7
:103E200003F48023002B18D07B681B681B6803F405
:103E30000023002B08D17B681B6C002B24D07B68EF
:103E40001B6C786898471FE07B689B6C002B1BD02D
:103E50007B689B6C7868984716E07B681B681B68DA
:103E600003F48073002B07D17B681B681A687B689A
:103E70001B6822F008021A607B681B6C002B03D0C1
:103E80007B681B6C786898477B68DB6D20229A40C2
:103E9000FB681340002B00F08F807B681B681B6859
:103EA00003F01003002B00F087807B68DB6D20227D
:103EB0009A403B699A607B6893F83530DBB2052BFA
:103EC00036D17B681B681A687B681B6822F0160273
:103ED0001A607B681B685A697B681B6822F0800245
:103EE0005A617B681B6C002B03D17B689B6C002B99
:103EF00007D07B681B681A687B681B6822F0080281
:103F00001A607B68DB6D3F229A403B699A607B6850
:103F1000012283F835207B68002283F834207B68F7
:103F20001B6D002B7ED07B681B6D7868984779E00D
:103F30007B681B681B6803F48023002B1DD07B6803
:103F40001B681B6803F40023002B0DD17B685B6C9E
:103F5000002B31D07B685B6C786898472CE000BF01
:103F60000C000020B5814E1B7B68DB6B002B23D03F
:103F70007B68DB6B786898471EE07B681B681B6872
:103F800003F48073002B0FD17B681B681A687B6871
:103F90001B6822F010021A607B68012283F835202A
:103FA0007B68002283F834207B68DB6B002B03D016
:103FB0007B68DB6B786898477B685B6D002B32D041
:103FC0007B685B6D03F00103002B22D07B68052228
:103FD00083F835207B681B681A687B681B6822F0B1
:103FE00001021A60BB680133BB607A699A4207D349
:103FF0007B681B681B6803F00103002BF2D100E013
:1040000000BF7B68012283F835207B68002283F89B
:1040100034207B68DB6C002B05D07B68DB6C786818
:10402000984700E000BF1837BD4680BD80B485B01A
:1040300000AFF860B9607A603B60FB681B681A6883
:10404000FB681B6822F480221A60FB681B683A68D0
:104050005A60FB689B68402B08D1FB681B687A6834
:104060009A60FB681B68BA68DA6007E0FB681B6847
:10407000BA689A60FB681B687A68DA6000BF143718
:10408000BD465DF8047B704780B485B000AF7860B2
:104090007B681B68DBB2103B144AA2FB03231B099D
:1040A000FB60134AFB6813441B781A467B68DA6589
:1040B000FB68032B09D97B681B6823F47F7323F00B
:1040C00003031A1D7B689A6507E07B681B6823F46D
:1040D0007F7323F003037A6893657B689B6D1846B2
:1040E0001437BD465DF8047B704700BFABAAAAAA8F
:1040F00088BB000880B485B000AF78600023FB73F4
:104100007B689B6ABB607B689B69002B1FD1BB6887
:10411000032B56D801A252F823F000BF2D4100080E
:104120003F4100082D410008C34100087B68DB6A5D
:1041300003F08073002B46D00123FB7343E07B68C0
:10414000DB6AB3F1C07F40D10123FB733DE07B68A4
:104150009B69B3F5005F21D1BB68032B37D801A25F
:1041600052F823F0754100087B41000875410008B2
:104170008D4100080123FB7330E07B68DB6A03F0AC
:104180008073002B25D00123FB7322E07B68DB6A60
:10419000B3F1C07F1FD10123FB731CE0BB68022B6E
:1041A00003D9BB68032B03D018E00123FB7315E090
:1041B0007B68DB6A03F08073002B0ED00123FB7356
:1041C0000BE000BF0AE000BF08E000BF06E000BF50
:1041D00004E000BF02E000BF00E000BFFB7B184628
:1041E0001437BD465DF8047B704700BF80B489B0CA
:1041F00000AF7860396000237B6100233B610023BE
:10420000BB610023FB6159E10122FB6902FA03F360
:104210007B613B681B687A6913403B613A697B6943
:104220009A4240F048813B685B6803F00303012B2E
:1042300005D03B685B6803F00303022B30D17B6839
:104240009B68BB61FB695B00032202FA03F3DB435B
:10425000BA691340BB613B68DA68FB695B0002FA2C
:1042600003F3BA691343BB617B68BA699A607B68E0
:104270005B68BB610122FB6902FA03F3DB43BA69A5
:104280001340BB613B685B681B0903F00102FB69DB
:1042900002FA03F3BA691343BB617B68BA695A60D7
:1042A0003B685B6803F00303032B17D07B68DB6874
:1042B000BB61FB695B00032202FA03F3DB43BA69CB
:1042C0001340BB613B689A68FB695B0002FA03F329
:1042D000BA691343BB617B68BA69DA603B685B68A3
:1042E00003F00303022B23D1FB69DA087B68083251
:1042F00053F82230BB61FB6903F007039B000F22D8
:1043000002FA03F3DB43BA691340BB613B681A69E5
:10431000FB6903F007039B0002FA03F3BA69134336
:10432000BB61FB69DA087B680832B96943F822107F
:104330007B681B68BB61FB695B00032202FA03F325
:10434000DB43BA691340BB613B685B6803F003025F
:10435000FB695B0002FA03F3BA691343BB617B6834
:10436000BA691A603B685B6803F44033002B00F0C5
:10437000A2800023FB60574B5B6C564A43F480439A
:104380005364544B5B6C03F48043FB60FB68524AFC
:10439000FB699B08023352F82330BB61FB6903F0D1
:1043A00003039B000F2202FA03F3DB43BA691340B5
:1043B000BB617B68494A934219D07B68484A934263
:1043C00013D07B68474A93420DD07B68464A93429C
:1043D00007D07B68454A934201D1042308E00723B4
:1043E00006E0032304E0022302E0012300E00023AF
:1043F000FA6902F0030292009340BA691343BB6169
:104400003549FB699B080233BA6941F82320384BD0
:104410009B68BB613B69DB43BA691340BB613B6886
:104420005B6803F48013002B03D0BA693B69134324
:10443000BB612F4ABB6993602D4BDB68BB613B6955
:10444000DB43BA691340BB613B685B6803F400134C
:10445000002B03D0BA693B691343BB61244ABB6993
:10446000D360234B5B68BB613B69DB43BA69134094
:10447000BB613B685B6803F40033002B03D0BA696F
:104480003B691343BB611A4ABB695360184B1B68F5
:10449000BB613B69DB43BA691340BB613B685B6846
:1044A00003F48033002B03D0BA693B691343BB612B
:1044B0000F4ABB691360FB690133FB61FB690F2B7A
:1044C0007FF6A2AE00BF00BF2437BD465DF8047B77
:1044D000704700BF00380240003801400000024031
:1044E0000004024000080240000C0240001002409C
:1044F000003C014080B485B000AF78600B467B8003
:104500007B681A697B881340002B02D00123FB7360
:1045100001E00023FB73FB7B18461437BD465DF8B2
:10452000047B704780B483B000AF78600B467B801B
:1045300013467B707B78002B03D07A887B689A6166
:1045400003E07B881A047B689A6100BF0C37BD4684
:104550005DF8047B7047000080B584B000AF7860E0
:104560007B68002B01D101232BE17B6893F83D3060
:10457000DBB2002B06D17B68002283F83C207868F0
:10458000FEF712FA7B68242283F83D207B681B68C3
:104590001A687B681B6822F001021A607B681B683E
:1045A0001A687B681B6842F400421A607B681B68CB
:1045B0001A687B681B6822F400421A6001F09AF8BE
:1045C000F8607B685B68814A934207D8FB68804A41
:1045D000934294BF01230023DBB206E0FB687D4ACF
:1045E000934294BF01230023DBB2002B01D00123AF
:1045F000E7E0FB68784AA2FB03239B0CBB607B6867
:104600001B685B6823F03F017B681B68BA680A433C
:104610005A607B681B681B6A23F03F017B685B68FC
:104620006A4A934202D8BB68013309E0BB684FF481
:10463000967202FB03F3694AA2FB03239B09013331
:104640007A6812680B4313627B681B68DB6923F48A
:104650004F4222F0FF027B685B685C498B4219D8AD
:10466000FB68591E7B685B685B00B1FBF3F3591C68
:1046700040F6FC730B40002B0AD0FB68591E7B6888
:104680005B685B00B1FBF3F30133C3F30B0351E051
:1046900004234FE07B689B68002B11D1FB68581EF8
:1046A0007B6859680B465B000B44B0FBF3F30133A6
:1046B000C3F30B03002B0CBF01230023DBB212E07A
:1046C000FB68581E7B6859680B469B000B44990099
:1046D0000B44B0FBF3F30133C3F30B03002B0CBF0C
:1046E00001230023DBB2002B01D0012322E07B68F1
:1046F0009B68002B0ED1FB68581E7B6859680B46DF
:104700005B000B44B0FBF3F30133C3F30B0343F43F
:1047100000430FE0FB68581E7B6859680B469B00FE
:104720000B4499000B44B0FBF3F30133C3F30B03C9
:1047300043F44043796809681343CB617B681B6885
:104740001B6823F0C0017B68DA697B681B6A1A4327
:104750007B681B680A431A607B681B689B6823F4AC
:10476000034323F0FF037A6811697A68D268114322
:104770007A6812680B4393607B681B68DB6823F0E0
:10478000FF017B685A697B689B691A437B681B68D9
:104790000A43DA607B681B681A687B681B6842F012
:1047A00001021A607B6800221A647B68202283F869
:1047B0003D207B6800221A637B68002283F83E203C
:1047C000002318461037BD4680BD00BFA0860100FB
:1047D0007F841E00FF083D0083DE1B43D34D621023
:1047E00080B588B002AFF8607A601A460B467B81CC
:1047F00013463B81FEF7B0FB7861FB6893F83D30D0
:10480000DBB2202B40F0E0807B690093192301226A
:104810007049F86800F064F90346002B01D00223C8
:10482000D3E0FB6893F83C30012B01D10223CCE0AC
:10483000FB68012283F83C20FB681B681B6803F0BF
:104840000103012B07D0FB681B681A68FB681B6813
:1048500042F001021A60FB681B681A68FB681B685B
:1048600022F400621A60FB68212283F83D20FB6875
:10487000102283F83E20FB6800221A64FB687A68E5
:104880005A62FB683A895A85FB685B8D9AB2FB686D
:104890001A85FB68504ADA6279897B693A6AF86856
:1048A00000F09CF80346002B01D001238DE000238B
:1048B0003B61FB681B685B693B61FB681B689B692C
:1048C0003B613B6966E07A69396AF86800F022FA70
:1048D0000346002B0DD0FB681B6C042B07D1FB6833
:1048E0001B681A68FB681B6842F400721A60012397
:1048F0006BE0FB685B6A1A78FB681B681A61FB68EF
:104900005B6A5A1CFB685A62FB685B8D9BB2013B79
:104910009AB2FB685A85FB681B8D013B9AB2FB6813
:104920001A85FB681B685B6903F00403042B1BD129
:10493000FB681B8D002B17D0FB685B6A1A78FB683D
:104940001B681A61FB685B6A5A1CFB685A62FB6849
:104950005B8D9BB2013B9AB2FB685A85FB681B8D4D
:10496000013B9AB2FB681A857A69396AF86800F0E7
:1049700019FA0346002B0DD0FB681B6C042B07D1E2
:10498000FB681B681A68FB681B6842F400721A60B7
:1049900001231AE0FB681B8D002B94D1FB681B6878
:1049A0001A68FB681B6842F400721A60FB682022D8
:1049B00083F83D20FB68002283F83E20FB6800223C
:1049C00083F83C20002300E0022318461837BD4638
:1049D00080BD00BF020010000000FFFF80B588B05E
:1049E00002AFF8607A603B600B467B81FB68DB6A54
:1049F0007B617B69082B06D07B69012B03D07B6927
:104A000013F5803F08D1FB681B681A68FB681B68B8
:104A100042F480721A600BE0FB681B6B122B07D10B
:104A2000FB681B681A68FB681B6842F480721A6096
:104A30003B6800937B6800224FF00111F86800F09A
:104A40004FF80346002B0DD0FB681B681B6803F46E
:104A50008073B3F5807F03D1FB684FF400721A6452
:104A6000032335E0FB681B69B3F5804F08D17B89D0
:104A7000DBB21A46FB681B6802F0FE021A611BE0FB
:104A80007B89DB11DBB203F00603DBB263F00F03BB
:104A9000DAB2FB681B681A613B687A680E49F868ED
:104AA00000F098F80346002B01D0012310E07B8929
:104AB000DAB2FB681B681A613B687A680749F868D4
:104AC00000F088F80346002B01D0012300E000230A
:104AD00018461837BD4680BD0800010002000100DD
:104AE00080B584B000AFF860B9603B601346FB71DD
:104AF00048E03B68B3F1FF3F44D0FEF72DFA024691
:104B0000BB69D31A3A689A4202D33B68002B39D169
:104B1000BB681B0CDBB2012B0DD1FB681B685B690A
:104B2000DA43BB6813409BB2002B0CBF0123002368
:104B3000DBB21A460CE0FB681B689B69DA43BB6872
:104B400013409BB2002B0CBF01230023DBB21A469B
:104B5000FB799A4216D1FB6800221A63FB68202277
:104B600083F83D20FB68002283F83E20FB681B6C25
:104B700043F02002FB681A64FB68002283F83C20A3
:104B8000012323E0BB681B0CDBB2012B0DD1FB68BA
:104B90001B685B69DA43BB6813409BB2002B0CBFF8
:104BA00001230023DBB21A460CE0FB681B689B69FB
:104BB000DA43BB6813409BB2002B0CBF01230023D8
:104BC000DBB21A46FB799A4293D00023184610377D
:104BD000BD4680BD80B584B000AFF860B9607A6032
:104BE0003B6071E0FB681B685B6903F48063B3F5AD
:104BF000806F23D1FB681B681A68FB681B6842F44E
:104C000000721A60FB681B686FF480625A61FB686F
:104C100000221A63FB68202283F83D20FB680022F3
:104C200083F83E20FB681B6C43F00402FB681A64A7
:104C3000FB68002283F83C20012367E07B68B3F126
:104C4000FF3F41D0FEF788F902463B68D31A7A68E5
:104C50009A4202D37B68002B36D1BB681B0CDBB2B7
:104C6000012B0CD1FB681B685B69DA43BB681340FE
:104C70009BB2002B14BF01230023DBB20BE0FB68C7
:104C80001B689B69DA43BB6813409BB2002B14BFBF
:104C900001230023DBB2002B16D0FB6800221A632D
:104CA000FB68202283F83D20FB68002283F83E2029
:104CB000FB681B6C43F02002FB681A64FB6800224F
:104CC00083F83C20012321E0BB681B0CDBB2012BE5
:104CD0000CD1FB681B685B69DA43BB6813409BB26D
:104CE000002B14BF01230023DBB20BE0FB681B6821
:104CF0009B69DA43BB6813409BB2002B14BF0123AE
:104D00000023DBB2002B7FF46DAF00231846103771
:104D1000BD4680BD80B584B000AFF860B9607A60F0
:104D200034E0F86800F086F80346002B01D0012338
:104D300034E0BB68B3F1FF3F28D0FEF70DF902461F
:104D40007B68D31ABA689A4202D3BB68002B1DD184
:104D5000FB681B685B6903F08003802B16D0FB683F
:104D600000221A63FB68202283F83D20FB680022A2
:104D700083F83E20FB681B6C43F02002FB681A643A
:104D8000FB68002283F83C20012307E0FB681B68D6
:104D90005B6903F08003802BC3D1002318461037D2
:104DA000BD4680BD80B584B000AFF860B9607A6060
:104DB00034E0F86800F03EF80346002B01D00123F0
:104DC00034E0BB68B3F1FF3F28D0FEF7C5F80246D8
:104DD0007B68D31ABA689A4202D3BB68002B1DD1F4
:104DE000FB681B685B6903F00403042B16D0FB68A7
:104DF00000221A63FB68202283F83D20FB68002212
:104E000083F83E20FB681B6C43F02002FB681A64A9
:104E1000FB68002283F83C20012307E0FB681B6845
:104E20005B6903F00403042BC3D100231846103739
:104E3000BD4680BD80B483B000AF78607B681B68DE
:104E40005B6903F48063B3F5806F1BD17B681B68DB
:104E50006FF480625A617B6800221A637B682022AB
:104E600083F83D207B68002283F83E207B681B6C22
:104E700043F004027B681A647B68002283F83C20BC
:104E8000012300E0002318460C37BD465DF8047B83
:104E90007047000080B586B000AF78607B68002B5B
:104EA00001D1012367E27B681B6803F00103002B3B
:104EB00075D0884B9B6803F00C03042B0CD0854BFA
:104EC0009B6803F00C03082B12D1824B5B6803F440
:104ED0008003B3F5800F0BD17E4B1B6803F40033C6
:104EE000002B5BD07B685B68002B57D1012342E22B
:104EF0007B685B68B3F5803F06D1764B1B68754ACB
:104F000043F4803313601DE07B685B68B3F5A02F2A
:104F10000CD1704B1B686F4A43F4802313606D4BB8
:104F20001B686C4A43F4803313600BE0694B1B68C9
:104F3000684A23F480331360664B1B68654A23F488
:104F4000802313607B685B68002B13D0FEF704F8A6
:104F5000386108E0FEF700F802463B69D31A642B7B
:104F600001D9032307E25B4B1B6803F40033002BDA
:104F7000F0D014E0FDF7F0FF386108E0FDF7ECFF3A
:104F800002463B69D31A642B01D90323F3E1514B49
:104F90001B6803F40033002BF0D100E000BF7B68F6
:104FA0001B6803F00203002B63D04A4B9B6803F09D
:104FB0000C03002B0BD0474B9B6803F00C03082B12
:104FC0001CD1444B5B6803F48003002B16D1414B8A
:104FD0001B6803F00203002B05D07B68DB68012B04
:104FE00001D00123C7E13B4B1B6823F0F8027B682B
:104FF0001B69DB00374913430B603AE07B68DB68D1
:10500000002B20D0344B01221A60FDF7A5FF386138
:1050100008E0FDF7A1FF02463B69D31A022B01D934
:105020000323A8E12B4B1B6803F00203002BF0D0F5
:10503000284B1B6823F0F8027B681B69DB002549BD
:1050400013430B6015E0244B00221A60FDF784FF28
:10505000386108E0FDF780FF02463B69D31A022B56
:1050600001D9032387E11B4B1B6803F00203002BCC
:10507000F0D17B681B6803F00803002B36D07B68F7
:105080005B69002B16D0154B01221A60FDF764FFF7
:10509000386108E0FDF760FF02463B69D31A022B36
:1050A00001D9032367E10B4B5B6F03F00203002B75
:1050B000F0D01BE0094B00221A60FDF74DFF38616C
:1050C0000EE0FDF749FF02463B69D31A022B07D9D0
:1050D000032350E10038024000004742800E47425F
:1050E000884B5B6F03F00203002BEAD17B681B68DF
:1050F00003F00403002B00F097800023FB75814B25
:105100001B6C03F08053002B0FD10023BB607D4B41
:105110001B6C7C4A43F0805313647A4B1B6C03F086
:105120008053BB60BB680123FB75774B1B6803F49E
:105130008073002B18D1744B1B68734A43F480733F
:105140001360FDF709FF386108E0FDF705FF02462F
:105150003B69D31A022B01D903230CE16A4B1B686C
:1051600003F48073002BF0D07B689B68012B06D181
:10517000644B1B6F634A43F0010313671CE07B68B9
:105180009B68052B0CD15F4B1B6F5E4A43F00403F9
:1051900013675C4B1B6F5B4A43F0010313670BE023
:1051A000584B1B6F574A23F001031367554B1B6F76
:1051B000544A23F0040313677B689B68002B15D0C7
:1051C000FDF7CAFE38610AE0FDF7C6FE02463B69FC
:1051D000D31A41F28832934201D90323CBE0494BE1
:1051E0001B6F03F00203002BEED014E0FDF7B4FEBA
:1051F00038610AE0FDF7B0FE02463B69D31A41F27E
:105200008832934201D90323B5E03E4B1B6F03F074
:105210000203002BEED1FB7D012B05D1394B1B6C1A
:10522000384A23F0805313647B689B69002B00F09D
:10523000A180344B9B6803F00C03082B5CD07B6887
:105240009B69022B41D1314B00221A60FDF784FE8D
:10525000386108E0FDF780FE02463B69D31A022B55
:1052600001D9032387E0274B1B6803F00073002B51
:10527000F0D17B68DA697B681B6A1A437B685B6ADA
:105280009B011A437B689B6A5B08013B1B041A4322
:105290007B68DB6A1B061B4913434B601B4B0122D7
:1052A0001A60FDF759FE386108E0FDF755FE024629
:1052B0003B69D31A022B01D903235CE0114B1B6815
:1052C00003F00073002BF0D054E0104B00221A6062
:1052D000FDF742FE386108E0FDF73EFE02463B69FD
:1052E000D31A022B01D9032345E0064B1B6803F0B8
:1052F0000073002BF0D13DE07B689B69012B07D147
:10530000012338E00038024000700040600047424E
:105310001B4B5B68FB607B689B69012B28D0FB689B
:1053200003F480027B68DB699A4221D1FB6803F0B9
:105330003F027B681B6A9A421AD1FA6847F6C0732B
:1053400013407A68526A9201934211D1FB6803F4C8
:1053500040327B689B6A5B08013B1B049A4207D181
:10536000FB6803F070627B68DB6A1B069A4201D01F
:10537000012300E0002318461837BD4680BD00BF5A
:105380000038024080B584B000AF786039607B6837
:10539000002B01D10123CCE0684B1B6803F007030D
:1053A0003A689A420CD9654B3A68D2B21A70634B8C
:1053B0001B6803F007033A689A4201D00123B8E062
:1053C0007B681B6803F00203002B20D07B681B68FE
:1053D00003F00403002B05D0594B9B68584A43F453
:1053E000E05393607B681B6803F00803002B05D033
:1053F000534B9B68524A43F460439360504B9B6805
:1054000023F0F0027B689B684D4913438B607B68F7
:105410001B6803F00103002B44D07B685B68012B01
:1054200007D1474B1B6803F40033002B19D101232C
:105430007FE07B685B68022B03D07B685B68032B93
:1054400007D13F4B1B6803F00073002B09D10123E8
:105450006FE03B4B1B6803F00203002B01D10123DB
:1054600067E0374B9B6823F003027B685B68344935
:1054700013438B60FDF770FDF8600AE0FDF76CFDEB
:105480000246FB68D31A41F28832934201D90323C2
:105490004FE02B4B9B6803F00C027B685B689B0022
:1054A0009A42EBD1254B1B6803F007033A689A42F6
:1054B0000CD2224B3A68D2B21A70204B1B6803F010
:1054C00007033A689A4201D0012332E07B681B68E7
:1054D00003F00403002B08D0194B9B6823F4E0521F
:1054E0007B68DB68164913438B607B681B6803F09D
:1054F0000803002B09D0124B9B6823F460427B68A1
:105500001B69DB000E4913438B6000F021F8024653
:105510000B4B9B681B0903F00F030A49CB5C22FA73
:1055200003F3094A1360094B1B681846FDF7D0FCCA
:10553000002318461037BD4680BD00BF003C024026
:105540000038024070BB00080C0000201000002052
:105550002DE9B04F90B000AF00237B630023FB63C5
:1055600000233B630023BB63594B9B6803F00C0390
:10557000082B0DD0082B00F2A180002B02D0042BA9
:1055800003D09BE0534BBB639BE0534BBB6398E062
:105590004F4B5B6803F03F037B634D4B5B6803F449
:1055A0008003002B28D04A4B5B689B0900223B629A
:1055B0007A623B6AC3F308000021474B03FB01F208
:1055C000002300FB03F31344434AA0FB0212FA62D8
:1055D0000A46BA62FA6A1344FB627B6B0022BB6123
:1055E000FA61D7E90623D7E90A01FBF735FB024642
:1055F0000B461346FB6353E0354B5B689B09002267
:105600003B617A613B69C3F3080A4FF0000B5246D5
:105610005B464FF000004FF00001590141EAD261B2
:10562000500102460B46B2EB0A0863EB0B094FF040
:1056300000024FF000034FEA891343EA98634FEAF0
:105640008812B2EB080463EB09054FF000024FF03B
:105650000003EB0043EA5473E20014461D4614EBCA
:105660000A033B6045EB0B037B604FF000024FF0F9
:105670000003D7E9004529468B02214643EA9153AE
:1056800021468A02104619467B6B0022BB60FA60F5
:10569000D7E90223FBF7E0FA02460B461346FB6309
:1056A0000B4B5B681B0C03F0030301335B003B6394
:1056B000FA6B3B6BB2FBF3F3BB6302E0054BBB63DE
:1056C00000BFBB6B18464037BD46BDE8B08F00BF7A
:1056D000003802400024F40040787D0180B400AF1F
:1056E000034B1B681846BD465DF8047B704700BF3E
:1056F0000C00002080B500AFFFF7F0FF0246054B1D
:105700009B689B0A03F007030349CB5C22FA03F36F
:10571000184680BD0038024080BB000880B500AF4D
:10572000FFF7DCFF0246054B9B685B0B03F00703AA
:105730000349CB5C22FA03F3184680BD00380240CF
:1057400080BB000880B582B000AF78607B68002B1A
:1057500001D1012342E07B6893F84130DBB2002B9A
:1057600006D17B68002283F840207868FDF764F951
:105770007B68242283F841207B681B68DA687B6899
:105780001B6822F40052DA60786800F0A1FF7B68A1
:105790001B681A697B681B6822F490421A617B6857
:1057A0001B685A697B681B6822F02A025A617B6871
:1057B0001B68DA687B681B6842F40052DA607B6819
:1057C00000225A647B68202283F841207B682022D3
:1057D00083F842207B6800225A630023184608376A
:1057E000BD4680BD80B58AB002AFF860B9603B604D
:1057F0001346FB8000237B61FB6893F84130DBB2EA
:10580000202B75D1BB68002B02D0FB88002B01D167
:1058100001236EE0FB6800225A64FB68212283F8B2
:105820004120FDF799FB7861FB68FA889A84FB6850
:10583000FA88DA84FB689B68B3F5805F08D1FB685F
:105840001B69002B04D10023FB61BB68BB6103E033
:10585000BB68FB610023BB612EE03B6800937B6962
:1058600000228021F86800F071FC0346002B05D06F
:10587000FB68202283F8412003233AE0FB69002BD8
:105880000BD1BB691B881A46FB681B68C2F3080270
:105890005A60BB690233BB6107E0FB691A78FB6899
:1058A0001B685A60FB690133FB61FB68DB8C9BB2B0
:1058B000013B9AB2FB68DA84FB68DB8C9BB2002B5D
:1058C000CBD13B6800937B6900224021F86800F04F
:1058D0003DFC0346002B05D0FB68202283F84120C5
:1058E000032306E0FB68202283F84120002300E028
:1058F000022318462037BD4680BD80B58CB000AF6E
:10590000F860B9601346FB80FB6893F84230DBB265
:10591000202B46D1BB68002B02D0FB88002B01D185
:1059200001233FE0FB6801221A63FB6800225A63EF
:10593000FB881A46B968F86800F062FC034687F8ED
:105940002F30FB681B6B012B25D100233B61FB68CB
:105950001B681B683B61FB681B685B683B613B69BC
:10596000FB681B680C33BB61BB6953E8003F7B617C
:105970007B6943F01003BB62FB681B680C33BA6A97
:105980007A623B62396A7A6A41E80023FB61FB690B
:10599000002BE5D102E0012387F82F3097F82F3054
:1059A00000E0022318463037BD4680BD80B5BAB04E
:1059B00000AF78607B681B681B68C7F8E4307B68C1
:1059C0001B68DB68C7F8E0307B681B685B69C7F859
:1059D000DC300023C7F8D8300023C7F8D430D7F81C
:1059E000E43003F00F03C7F8D830D7F8D830002BD5
:1059F0000FD1D7F8E43003F02003002B09D0D7F8FB
:105A0000E03003F02003002B03D0786800F0A2FD03
:105A100073E2D7F8D830002B00F0DE80D7F8DC3006
:105A200003F00103002B06D1D7F8E03003F49073A4
:105A3000002B00F0D180D7F8E43003F00103002BF5
:105A40000BD0D7F8E03003F48073002B05D07B68CF
:105A50005B6C43F001027B685A64D7F8E43003F0D2
:105A60000403002B0BD0D7F8DC3003F00103002B2C
:105A700005D07B685B6C43F002027B685A64D7F800
:105A8000E43003F00203002B0BD0D7F8DC3003F036
:105A90000103002B05D07B685B6C43F004027B683C
:105AA0005A64D7F8E43003F00803002B11D0D7F87C
:105AB000E03003F02003002B05D1D7F8DC3003F0F1
:105AC0000103002B05D07B685B6C43F008027B6808
:105AD0005A647B685B6C002B00F00A82D7F8E430D4
:105AE00003F02003002B08D0D7F8E03003F02003A8
:105AF000002B02D0786800F02DFD7B681B685B6985
:105B000003F04003402B0CBF01230023DBB2C7F896
:105B1000D4307B685B6C03F00803002B03D1D7F80B
:105B2000D430002B4FD0786800F038FC7B681B68BD
:105B30005B6903F04003402B41D17B681B68143341
:105B4000C7F89C30D7F89C3053E8003FC7F898302E
:105B5000D7F8983023F04003C7F8D0307B681B6833
:105B60001433D7F8D020C7F8A820C7F8A430D7F846
:105B7000A410D7F8A82041E80023C7F8A030D7F830
:105B8000A030002BD9D17B68DB6B002B13D07B6856
:105B9000DB6B8A4A1A657B68DB6B1846FEF79AF85E
:105BA0000346002B16D07B68DB6B1B6D7A68D26BCB
:105BB000104698470EE0786800F0C0F90AE078686F
:105BC00000F0BCF906E0786800F0B8F97B680022C4
:105BD0005A648DE100BF8BE17B681B6B012B40F0A9
:105BE0006781D7F8E43003F01003002B00F06081E8
:105BF000D7F8E03003F01003002B00F059810023A8
:105C0000BB607B681B681B68BB607B681B685B684C
:105C1000BB60BB687B681B685B6903F04003402B7B
:105C200040F0CE807B68DB6B1B685B68A7F8BE30FA
:105C3000B7F8BE30002B00F0A9807B689B8DB7F8C9
:105C4000BE209A4280F0A2807B68B7F8BE20DA8539
:105C50007B68DB6BDB69B3F5807F00F088807B6855
:105C60001B680C33C7F88830D7F8883053E8003FFA
:105C7000C7F88430D7F8843023F48073C7F8B8307D
:105C80007B681B680C33D7F8B820C7F89420C7F896
:105C90009030D7F89010D7F8942041E80023C7F847
:105CA0008C30D7F88C30002BD9D17B681B6814332B
:105CB0007B677B6F53E8003F3B673B6F23F001033B
:105CC000C7F8B4307B681B681433D7F8B420C7F822
:105CD0008020FB67F96FD7F8802041E80023BB677D
:105CE000BB6F002BE1D17B681B6814333B663B6EB6
:105CF00053E8003FFB65FB6D23F04003C7F8B0306D
:105D00007B681B681433D7F8B020FA66BB66B96E9F
:105D1000FA6E41E800237B667B6E002BE3D17B6843
:105D2000202283F842207B6800221A637B681B686C
:105D30000C33FB64FB6C53E8003FBB64BB6C23F08B
:105D40001003C7F8AC307B681B680C33D7F8AC2065
:105D5000BA657B65796DBA6D41E800233B653B6DA3
:105D6000002BE3D17B68DB6B1846FDF743FF7B68B4
:105D700002225A637B689A8D7B68DB8D9BB2D31AB3
:105D80009BB219467868FDF739F8B3E07B689B8DC4
:105D9000B7F8BE209A4240F0AD807B68DB6BDB69D0
:105DA000B3F5807F40F0A6807B6802225A637B684F
:105DB0009B8D19467868FDF721F89BE06364000825
:105DC0007B689A8D7B68DB8D9BB2D31AA7F8CE30A7
:105DD0007B68DB8D9BB2002B00F08E80B7F8CE3055
:105DE000002B00F089807B681B680C33BB63BB6BA6
:105DF00053E8003F7B637B6B23F49073C7F8C83094
:105E00007B681B680C33D7F8C8207A643B64396C14
:105E10007A6C41E80023FB63FB6B002BE3D17B68CA
:105E20001B6814337B627B6A53E8003F3B623B6A2A
:105E300023F00103C7F8C4307B681B681433D7F81C
:105E4000C4203A63FB62F96A3A6B41E80023BB6203
:105E5000BB6A002BE3D17B68202283F842207B6859
:105E600000221A637B681B680C333B613B6953E873
:105E7000003FFB60FB6823F01003C7F8C0307B686D
:105E80001B680C33D7F8C020FA61BB61B969FA69A5
:105E900041E800237B617B69002BE3D17B68022210
:105EA0005A63B7F8CE3019467868FCF7A7FF23E0AD
:105EB000D7F8E43003F08003002B09D0D7F8E030A6
:105EC00003F08003002B03D0786800F0DBFA14E0C5
:105ED000D7F8E43003F04003002B0ED0D7F8E030C1
:105EE00003F04003002B08D0786800F01BFB04E0AF
:105EF00000BF02E000BF00E000BFE837BD4680BD44
:105F000080B483B000AF786000BF0C37BD465DF849
:105F1000047B704780B483B000AF786000BF0C375B
:105F2000BD465DF8047B704780B483B000AF7860F5
:105F300000BF0C37BD465DF8047B704780B483B06A
:105F400000AF786000BF0C37BD465DF8047B70473A
:105F500080B59CB000AF78607B689B6BFB667B680C
:105F60001B681B6803F48073002B72D1FB6E002248
:105F7000DA85FB6E1B680C33FB64FB6C53E8003F57
:105F8000BB64BB6C23F48073BB66FB6E1B680C3375
:105F9000BA6EBA657B65796DBA6D41E800233B65E1
:105FA0003B6D002BE5D1FB6E1B681433BB63BB6BF1
:105FB00053E8003F7B637B6B23F001037B66FB6E42
:105FC0001B6814337A6E7A643B64396C7A6C41E8EE
:105FD0000023FB63FB6B002BE5D1FB6E1B681433C6
:105FE0007B627B6A53E8003F3B623B6A23F04003DD
:105FF0003B66FB6E1B6814333A6E3A63FB62F96AC8
:106000003A6B41E80023BB62BB6A002BE5D1FB6E13
:10601000202283F84220FB6E1B6B012B19D1FB6EF3
:106020001B680C333B613B6953E8003FFB60FB6836
:1060300023F01003FB65FB6E1B680C33FA6DFA61ED
:10604000BB61B969FA6941E800237B617B69002B78
:10605000E5D1FB6E00225A63FB6E1B6B012B06D150
:10606000FB6E9B8D1946F86EFCF7C8FE02E0F86ED9
:10607000FFF750FF00BF7037BD4680BD80B584B0CC
:1060800000AF78607B689B6BFB60FB6801225A6302
:10609000FB681B6B012B08D1FB689B8D5B089BB2D7
:1060A0001946F868FCF7AAFE02E0F868FFF73CFF23
:1060B00000BF1037BD4680BD80B584B000AF7860AA
:1060C0000023FB607B689B6BBB60BB681B685B69E4
:1060D00003F08003802B0CBF01230023DBB2FB60A5
:1060E000BB6893F84130DBB2212B08D1FB68002B51
:1060F00005D0BB680022DA84B86800F027F9BB68D5
:106100001B685B6903F04003402B0CBF0123002395
:10611000DBB2FB60BB6893F84230DBB2222B08D1C4
:10612000FB68002B05D0BB680022DA85B86800F058
:1061300035F9BB685B6C43F01002BB685A64B86801
:10614000FFF7FCFE00BF1037BD4680BD80B586B0AE
:1061500000AFF860B9603B601346FB713BE03B6AFF
:10616000B3F1FF3F37D0FCF7F7FE02463B68D31A86
:106170003A6A9A4202D33B6A002B01D103233AE0E8
:10618000FB681B68DB6803F00403002B23D0BB68AB
:10619000802B20D0BB68402B1DD0FB681B681B6880
:1061A00003F00803082B16D100237B61FB681B68F2
:1061B0001B687B61FB681B685B687B617B69F868B7
:1061C00000F0ECF8FB6808225A64FB68002283F8B0
:1061D000402001230FE0FB681B681A68BB6813406E
:1061E000BA689A420CBF01230023DBB21A46FB793E
:1061F0009A42B4D0002318461837BD4680BD00002F
:1062000080B598B000AFF860B9601346FB80BA68FB
:10621000FB689A62FB68FA889A85FB6800225A64D8
:10622000FB68222283F84220FB68DB6B444ADA6376
:10623000FB68DB6B434A1A64FB68DB6B424ADA6437
:10624000FB68DB6B00221A6507F10803FB65FB683E
:10625000D86BFB681B6804331946FB6D1A68FB8812
:10626000FDF770FC0346002B08D0FB6810225A642F
:10627000FB68202283F8422001235DE000233B617C
:10628000FB681B681B683B61FB681B685B683B61C4
:106290003B69FB681B69002B19D0FB681B680C333A
:1062A0003B643B6C53E8003FFB63FB6B43F4807340
:1062B000BB65FB681B680C33BA6DFA64BB64B96CD0
:1062C000FA6C41E800237B647B6C002BE5D1FB6812
:1062D0001B681433FB62FB6A53E8003FBB62BB6A76
:1062E00043F001037B65FB681B6814337A6DBA6366
:1062F0007B63796BBA6B41E800233B633B6B002BFC
:10630000E5D1FB681B681433BB61BB6953E8003FF0
:106310007B617B6943F040033B65FB681B6814337A
:106320003A6D7A623B62396A7A6A41E80023FB611E
:10633000FB69002BE5D1002318466037BD4680BDC0
:10634000515F00087D600008B960000880B489B022
:1063500000AF78607B681B680C33FB60FB6853E818
:10636000003FBB60BB6823F0C003FB617B681B6818
:106370000C33FA69BA617B617969BA6941E8002333
:106380003B613B69002BE5D17B68202283F84120EB
:1063900000BF2437BD465DF8047B704780B495B0DC
:1063A00000AF78607B681B680C337B637B6B53E8C2
:1063B000003F3B633B6B23F49073FB647B681B687B
:1063C0000C33FA6C3A64FB63F96B3A6C41E80023D6
:1063D000BB63BB6B002BE5D17B681B6814333B624E
:1063E0003B6A53E8003FFB61FB6923F00103BB6498
:1063F0007B681B681433BA6CFA62BB62B96AFA6ACA
:1064000041E800237B627B6A002BE5D17B681B6B34
:10641000012B19D17B681B680C33FB60FB6853E8C8
:10642000003FBB60BB6823F010037B647B681B6884
:106430000C337A6CBA617B617969BA6941E80023EF
:106440003B613B69002BE5D17B68202283F8422029
:106450007B6800221A6300BF5437BD465DF8047B99
:10646000704780B584B000AF78607B689B6BFB6041
:10647000FB680022DA85F868FFF760FD00BF10377F
:10648000BD4680BD80B485B000AF78607B6893F86E
:106490004130DBB2212B3ED17B689B68B3F5805F36
:1064A00014D17B681B69002B10D17B681B6AFB60D1
:1064B000FB681B881A467B681B68C2F308025A6097
:1064C0007B681B6A9A1C7B681A6208E07B681B6AFF
:1064D000591C7A6811621A787B681B685A607B685D
:1064E000DB8C9BB2013B9BB27A681946D184002BAE
:1064F0000FD17B681B68DA687B681B6822F080021A
:10650000DA607B681B68DA687B681B6842F04002CF
:10651000DA60002300E0022318461437BD465DF818
:10652000047B704780B582B000AF78607B681B68E1
:10653000DA687B681B6822F04002DA607B68202200
:1065400083F841207868FFF7DBFC00231846083702
:10655000BD4680BD80B58CB000AF78600023FB6283
:106560000023BB627B6893F84230DBB2222B40F001
:10657000AA807B689B68B3F5805F15D17B681B6937
:10658000002B11D17B689B6ABB627B681B685B68D0
:106590009BB2C3F308039AB2BB6A1A807B689B6AFA
:1065A0009A1C7B689A6224E07B689B6AFB627B682A
:1065B0009B68B3F5805F07D07B689B68002B0AD18E
:1065C0007B681B69002B06D17B681B685B68DAB2AD
:1065D000FB6A1A7008E07B681B685B68DBB203F03B
:1065E0007F03DAB2FB6A1A707B689B6A5A1C7B686D
:1065F0009A627B68DB8D9BB2013B9BB27A6819463D
:10660000D185002B5DD17B681B68DA687B681B68CD
:1066100022F02002DA607B681B68DA687B681B68FE
:1066200022F48072DA607B681B685A697B681B6899
:1066300022F001025A617B68202283F842207B68A5
:1066400000225A637B681B6B012B35D17B680022CB
:106650001A637B681B680C337B617B6953E8003FDE
:106660003B613B6923F010037B627B681B680C3342
:106670007A6A3A62FB61F9693A6A41E80023BB61D0
:10668000BB69002BE5D17B681B681B6803F0100316
:10669000102B0AD10023FB607B681B681B68FB6022
:1066A0007B681B685B68FB60FB687B689B8D194699
:1066B0007868FCF7A3FB02E07868FFF72BFC002367
:1066C00002E0002300E0022318463037BD4680BDBB
:1066D0002DE9B04FC0B000AFC7F8F400D7F8F430E0
:1066E0001B681B6923F44050D7F8F430D968D7F8F9
:1066F000F4301A6840EA01031361D7F8F4309A685D
:10670000D7F8F4301B691A43D7F8F4305B691A43A1
:10671000D7F8F430DB691343C7F8F830D7F8F43012
:106720001B68DB6823F4164121F00C01D7F8F43024
:106730001A68D7F8F8300B43D360D7F8F4301B68E9
:106740005B6923F44070D7F8F4309969D7F8F430D6
:106750001A6840EA01035361D7F8F4301A688F4B86
:106760009A4205D0D7F8F4301A688D4B9A4204D17A
:10677000FEF7D4FFC7F8FC0003E0FEF7BBFFC7F845
:10678000FC00D7F8F430DB69B3F5004F40F00C8122
:10679000D7F8FC300022C7F8E830C7F8EC20D7E97A
:1067A0003A4522462B469118B9655B41FB65D7E90E
:1067B0001623214612EB0108294643EB01094FF04D
:1067C00000024FF000034FEAC90343EA58734FEA4F
:1067D000C80290469946234618EB0303C7F8E030F9
:1067E0002B4649EB0303C7F8E430D7F8F4305B6875
:1067F0000022C7F8D830C7F8DC20D7E936120B469C
:10680000DB183B65134642EB03037B65D7E9142392
:10681000D7E93801FAF720FA02460B46614BA3FB91
:1068200002235B091C01D7F8FC300022C7F8D030E6
:10683000C7F8D420D7E9348942464B469118B96449
:106840005B41FB64D7E91223414612EB010A49463A
:1068500043EB010B4FF000024FF000034FEACB0374
:1068600043EA5A734FEACA0292469B4643461AEBE2
:106870000303C7F8C8304B464BEB0303C7F8CC30D3
:10688000D7F8F4305B680022C7F8C030C7F8C420DE
:10689000D7E930120B46DB183B64134642EB030387
:1068A0007B64D7E91023D7E93201FAF7D5F902461C
:1068B0000B4611463B4BA3FB01235B09642202FB01
:1068C00003F3CB1ADB0003F13202364BA3FB0223A6
:1068D0005B095B0003F4F8731C44D7F8FC3000221A
:1068E000C7F8B830C7F8BC20D7E92E8942464B46D6
:1068F0009118B9635B41FB63D7E90E2341465118F8
:10690000396349464B417B634FF000024FF000036F
:10691000D7E90CAB5946CB00514643EA5173514677
:10692000CA0010461946034642469B18C7F8B030C5
:106930004B460A4642EB0303C7F8B430D7F8F430AD
:106940005B680022C7F8A830C7F8AC20D7E92A1244
:106950000B46DB18BB62134642EB0303FB62D7E92D
:106960000A23D7E92C01FAF777F902460B460D4BBB
:10697000A3FB02135B09642101FB03F3D31ADB00C1
:106980003233084AA2FB03235B0903F00702D7F85E
:10699000F4301B6822449A6006E100BF00100140F9
:1069A000001401401F85EB51D7F8FC300022C7F8D6
:1069B000A030C7F8A420D7E9288942464B46911851
:1069C00039625B417B62D7E9082341465418494646
:1069D00043EB01054FF000024FF00003EB0043EAE8
:1069E0005473E20014461D464346E318C7F8983036
:1069F0004B4645EB0303C7F89C30D7F8F4305B688F
:106A00000022C7F89030C7F894204FF000024FF0F2
:106A10000003D7E9244529468B00214643EA9173B8
:106A200021468A00D7E92601FAF716F902460B46F5
:106A3000604BA3FB02235B091C01D7F8FC3000224A
:106A4000C7F88830C7F88C20D7E9228942464B46E0
:106A50009118B9615B41FB61D7E9062341465118A2
:106A6000396149464B417B614FF000024FF0000312
:106A7000D7E904AB5946CB00514643EA517351461E
:106A8000CA0010461946034642469B18C7F8803094
:106A90004B460A4642EB0303C7F88430D7F8F4307C
:106AA0005B680022BB67FA674FF000024FF00003FB
:106AB000D7E91E8949468B00414643EA9173414616
:106AC0008A00D7E92001FAF7C7F802460B461146BB
:106AD000384BA3FB01235B09642202FB03F3CB1AAF
:106AE0001B013233334AA2FB03235B0903F0F0039B
:106AF0001C44D7F8FC3000223B677A67D7E91C8931
:106B000042464B469118B9605B41FB60D7E90223CE
:106B100041465118396049464B417B604FF00002B5
:106B20004FF00003D7E900AB5946CB00514643EA8A
:106B300051735146CA0010461946034642469B18F7
:106B4000BB664B460A4642EB0303FB66D7F8F430BC
:106B50005B6800223B667A664FF000024FF000034C
:106B6000D7E9188949468B00414643EA917341466B
:106B70008A00D7E91A01FAF76FF802460B460D4B67
:106B8000A3FB02135B09642101FB03F3D31A1B016E
:106B90003233084AA2FB03235B0903F00F02D7F844
:106BA000F4301B6822449A6000BF07F58077BD4629
:106BB000BDE8B08F1F85EB512DE9FF4757EC106BF7
:106BC000002F0C4619463B46BBBF07F100431F464A
:106BD00000232D230B700D9BDDF830A0914623F090
:106BE0002008BCBF32461646B8F1460F05D0B8F1B2
:106BF000450F00D10134022100E0032103AB0193D2
:106C000002AB009347EC106B5346224600F07CFE2B
:106C1000B8F1470F054619D119F0010F0ED000EB5E
:106C200004090022002330463946F9F755FF08B120
:106C3000CDF80C903022039B4B451ED3039B0E9A3C
:106C40005B1B2846136004B0BDE8F087B8F1460F1F
:106C500000EB0409E5D10378302B0AD10022002390
:106C600030463946F9F738FF18B9C4F10104CAF8BB
:106C70000040DAF800309944D3E7591C03911A70A8
:106C8000D9E7F7B50029BABF49422D232B2309299B
:106C90000270437029DD0DF107031D460A271A46CD
:106CA000B1FBF7F607FB1614303402F8014C0C4622
:106CB000632C03F1FF333146F1DC3031941E03F8CD
:106CC000011C411C2346AB420AD30DF109039B1A58
:106CD000AC4288BF002302330344181A03B0F0BD4E
:106CE00013F8016B01F8016FEDE730233031837049
:106CF000C170031DF1E700002DE9F04F8DB00C4687
:106D0000DDF8588016461F46054600F0FDFC036876
:106D100004931846F9F7B4FA00230A93D8F8003020
:106D20000590073323F0070303F1080294F818A035
:106D3000D4F800B0C8F80020D3E9008929F0004356
:106D40000793CDF81880C4E91289DDE906019C4B50
:106D50004FF0FF32F9F7F2FE70BBDDE90601984B08
:106D60004FF0FF32F9F7CCFE30BB00220023404643
:106D70004946F9F7BBFE10B12D2384F84330914A00
:106D8000914BBAF1470F8CBF90469846032323617D
:106D90002BF0040323604FF00009009733460BAA41
:106DA0002146284600F0D2F9013040F08D804FF0A6
:106DB000FF300DB0BDE8F08F42464B464046494695
:106DC000F9F7BCFE40B14B46002BBCBF2D2384F825
:106DD00043307E4A7E4BD4E763680AF0DF020692B6
:106DE0005A1C3BD1062363604BF48062002322606F
:106DF00003930AABCDE901A309AB0093616849ECA9
:106E0000108B0DF123032846FFF7D6FE069B099948
:106E1000472B804629D1C81C02DB6368994241DDBB
:106E2000AAF1020A5FFA8AFA0139524604F15000C7
:106E30000991FFF726FF0A9A1318012A8146236158
:106E400002DC2268D20701D5013323619DF823308B
:106E5000002BA2D02D2384F843309EE7069A472AC0
:106E6000C2D1002BC0D10123BDE7BAF1650FDBD938
:106E7000BAF1660F18D1002963680BDD216113B9DF
:106E80002268D00702D501330B442361A1654FF07E
:106E90000009DBE713B92268D20701D50233F4E712
:106EA0000123F2E74FF0670A0A9B994205DB23684A
:106EB0002161D807EAD54B1CE7E70029D4BFC1F10F
:106EC000020201221344E0E723685A0507D423692C
:106ED000424631462846B84701302BD167E7BAF120
:106EE000650F40F2DD80D4E9120100220023F9F79A
:106EF000F3FD002833D0374A012331462846B847EE
:106F000001303FF454AFDDE90938434502DB236823
:106F1000D8070FD5DDE9042331462846B8470130AC
:106F20003FF445AF4FF0000908F1FF3804F11A0AA9
:106F3000C84509DC23689B0700F10381E0680B9BCF
:106F40009842B8BF184634E70123524631462846D6
:106F5000B84701303FF42BAF09F10109E8E7099B7D
:106F6000002B39DC1B4A012331462846B847013043
:106F70003FF41DAFDDE9093959EA030302D1236863
:106F8000D907D7D5DDE9042331462846B847013073
:106F90003FF40DAF4FF0000A04F11A0B099B5B425E
:106FA000534501DC4B4693E701235A4631462846B8
:106FB000B84701303FF4FBAE0AF1010AEEE700BF2B
:106FC000FFFFEF7F94BB000890BB00089CBB00084C
:106FD00098BB0008A0BB0008A36DDDF828A05345AE
:106FE000A8BF5346002B994636DC4FF0000B29EA28
:106FF000E97904F11A02A36D0693A3EB09035B453B
:1070000031DC099B9A453ADC2368DA0737D4099BBF
:10701000AAEB0309069BAAEB03039945A8BF99466F
:10702000B9F1000F33DC4FF0000829EAE97904F1E7
:107030001A0B099BAAEB0303A3EB090343457FF754
:1070400079AF01235A4631462846B84701303FF40C
:10705000AEAE08F10108ECE7424631462846B84793
:107060000130C2D1A3E60123314628460692B84733
:1070700001303FF49CAE069A0BF1010BBBE7DDE952
:10708000042331462846B8470130C0D18FE6069A1E
:107090004B46424431462846B8470130C3D186E6C4
:1070A000DDF828A0BAF1010F01DCDB0736D501239A
:1070B000424631462846B84701303FF478AEDDE914
:1070C000042331462846B84701303FF470AED4E976
:1070D0001201002200230AF1FF3AF9F7FDFCC0B9C2
:1070E000534608F1010231462846B84701300CD119
:1070F0005DE601235A4631462846B84701303FF441
:1071000056AE08F10108D045F3DB4B4604F15002BE
:10711000DFE64FF0000804F11A0BF4E701234246C2
:10712000E1E701234A4631462846B84701303FF49B
:107130003EAE08F10108E3680B995B1A4345F0DCA9
:10714000FCE64FF0000804F11909F4E72DE9F047D7
:10715000164698468A680B69DDF820909342B8BFBE
:107160001346336091F8432007460C460AB10133B9
:1071700033602368990642BF336802333360256861
:1071800015F0060506D104F1190AE36832689B1A66
:10719000AB4226DC94F843302268003B18BF012341
:1071A00092062BD404F1430241463846C8470130C9
:1071B0001ED02368226903F00603042B02BFE56892
:1071C0003368ED1AA3680CBF25EAE57500259342E4
:1071D000C4BF9B1AED1800261A34B5421AD10020FC
:1071E00008E00123524641463846C847013003D1E2
:1071F0004FF0FF30BDE8F0870135C6E7E1185A1CB3
:10720000302081F84300224494F8451082F843105E
:107210000233C7E70123224641463846C8470130BA
:10722000E6D00136D9E700002DE9FF470F7E0C9E1E
:10723000782F914680460C469A4601F1430207D8C2
:10724000622F0AD8002F00F0D180582F00F0B880AC
:1072500004F1420684F842703AE0A7F16303152B6B
:10726000F6D801A151F823F0C1720008D5720008C8
:1072700051720008517200085172000851720008E2
:10728000D57200085172000851720008517200084E
:1072900051720008D3730008FF7200088D73000854
:1072A0005172000851720008F5730008517200080D
:1072B000FF720008517200085172000895730008AF
:1072C00033681A1D1B68326004F1420684F84230AC
:1072D00001239CE033682068191D3160060601D542
:1072E0001D6803E04506FBD5B3F90050002D03DA15
:1072F0002D236D4284F8433058480A2311E0216859
:107300003368080653F8045B02D4490648BFADB29F
:107310006F2F5248336014BF0A230823002184F8DA
:1073200043106668A660002E05DB21682E4321F01D
:10733000040121604BD01646B5FBF3F103FB115756
:10734000C75D06F8017D2F46BB420D46F4D9082BD8
:107350000BD12368DF0708D5236961689942DEBF36
:10736000302306F8013C06F1FF36921B2261CDF86E
:1073700000A04B4603AA21464046FFF7E7FE013036
:107380004AD14FF0FF3004B0BDE8F087236843F0E6
:10739000200323603248782784F8457023683168D9
:1073A0001F0651F8045B02D45F0648BFADB23160DE
:1073B000D90744BF43F0200323601DB11023ADE77C
:1073C0002648E9E7236823F020032360F6E7164602
:1073D000BDE7336825686169181D30602E061B689B
:1073E00001D5196002E06806FBD5198000232361EE
:1073F0001646BCE733681A1D32601E6862680021B9
:107400003046F8F7EDFE08B1801B606063682361C9
:10741000002384F84330AAE72369324649464046B0
:10742000D0470130ADD023689B0713D4E068039B9D
:107430009842B8BF1846A6E701233246494640465F
:10744000D04701309DD00135E36803995B1AAB4208
:10745000F2DCEBE7002504F11906F5E7A2BB000812
:10746000B3BB0008002310B50446C0E90033C0E9EF
:107470000433836081814366C28183611946082297
:107480005C3000F016F90D4B63620D4BA3620D4B9F
:10749000E3620D4B23630D4B24629C4206D003F143
:1074A0006802944202D0D0339C4205D104F15800C6
:1074B000BDE8104000F09CB910BD00BF2D7600085B
:1074C0004F76000887760008AB760008BC090020DC
:1074D000024A0349034800F069B800BF18000020C1
:1074E000559100082800002041680C4B994210B5C6
:1074F000044601D001F02EFEA168094B994202D04A
:10750000204601F027FEE168064B994204D0204650
:10751000BDE8104001F01EBE10BD00BFBC09002038
:10752000240A00208C0A002010B50B4B0B4C0C4A8F
:107530001A60204600220421FFF794FF04F168003E
:1075400001220921FFF78EFF04F1D0000222BDE8DD
:1075500010401221FFF786BFF40A0020BC0900206A
:10756000D1740008014800F044B900BFFD0A0020B2
:10757000014800F03FB900BFFD0A002010B50446E5
:10758000FFF7F0FF236A1BB1BDE81040FFF7F0BF23
:10759000044B2362044B1B68002BF5D1FFF7C4FF9B
:1075A000F2E700BFE9740008F40A00202DE9F8436F
:1075B0000746884614460026D4E90195B9F1010929
:1075C00005D52468002CF7D13046BDE8F883AB8997
:1075D000012B07D9B5F90E30013303D029463846BF
:1075E000C04706436835E9E70EB410B59DB01FAB40
:1075F000029006906FF000410A48079104910A49F1
:1076000053F8042B0591002402A9006801931B94F0
:1076100001F020FC029B1C701DB0BDE8104003B0BF
:10762000704700BF240000200802FFFF10B50C4681
:10763000B1F90E1000F08EF80028ABBF636DA3897E
:107640001B1823F48053ACBF6365A38110BD2DE9E3
:10765000F0411F468B89DB0505460C46164605D5CD
:10766000B1F90E100223002200F062F8A389B4F9E8
:107670000E1023F48053A38132463B462846BDE8D2
:10768000F04100F079B810B50C46B1F90E1000F0D9
:107690004FF8431CA38915BF606523F4805343F45E
:1076A0008053A38118BFA38110BDB1F90E1000F063
:1076B0002FB802440346934200D1704703F8011BE0
:1076C000F9E7C9B20346184613F8012B12B18A42F2
:1076D000F9D17047002918BF002070470A7870B5AB
:1076E0006AB970BD9A4209D10C46054614F8013FAB
:1076F000002BF6D015F8016F9E42F7D001300378C9
:10770000002BEFD11846ECE70048704764010020D9
:1077100038B5064D0023044608462B60FBF7B8FA3F
:10772000431C02D12B6803B1236038BDF80A002046
:1077300038B5074D04460846114600222A601A460D
:10774000FBF7CDFA431C02D12B6803B1236038BD8F
:10775000F80A002038B5074D0446084611460022B5
:107760002A601A46FBF75BFA431C02D12B6803B16F
:10777000236038BDF80A002038B5074D0446084696
:10778000114600222A601A46FBF766FA431C02D112
:107790002B6803B1236038BDF80A0020014B18683C
:1077A000704700BF2400002070B50D4D0D4C641BC8
:1077B000A4100026A64209D10B4D0C4C02F08AF809
:1077C000641BA4100026A64205D170BD55F8043BE9
:1077D00098470136EEE755F8043B98470136F2E743
:1077E0000CBF00080CBF00080CBF000810BF000849
:1077F0007047704770472DE9F74F03690C69A34242
:1078000007467EDB013C01F11408A30000F11405DA
:10781000009305EB8403019358F8243055F8242095
:1078200001339A4208EB8409B2FBF3F62ED34FF0F2
:10783000000AC446AE46D3465CF8043B98B206FB49
:1078400000A0020C1B0C06FB0323DEF8002080B214
:1078500092B2121A5A44DEF800004FEA134A9BB261
:10786000C3EB224303EB104392B242EA0342E145E9
:107870004EF8042B4FEA234BDED2009BEB582BB97A
:10788000019B043B9D421A462FD33C61384601F0D0
:107890007DF9002825DB2946002058F8042BD1F873
:1078A00000C01FFA82FE1FFA8CF3A3EB0E03034401
:1078B000120CC2EB234202EB1C429BB243EA02438E
:1078C000C14541F8043B4FEA2240E6D255F8242056
:1078D00005EB840322B9043B9D421A460BD33C615D
:1078E0000136304603B0BDE8F08F1268043B002A31
:1078F000CBD1013CC6E71268043B002AEFD1013C22
:10790000EAE70020EEE700002DE9F04FC76997B0E5
:107910008DED040B55EC104B209E079181460C9287
:1079200011937FB9102000F009FE0246C9F81C002F
:1079300020B9A94BEF21A94801F06CFCC0E90177FF
:107940000760C760D9F81C30196859B15A684A6095
:10795000012393408B60484600F0E6FED9F81C30C6
:1079600000221A602B1EB9BF23F0004305930023A9
:107970003360059F9A4BBCBF01223260BB4312D1DA
:10798000119A42F20F731360C7F31303234300F0FD
:107990005A85219BDFF85CA2002B00F05C850AF180
:1079A000030300F056BD9DED047B002251EC170B44
:1079B00000238DED0A7BF9F78FF8804658B1119AB4
:1079C00001231360219B13B1219A864B1360DFF8CA
:1079D00028A200F040BD9DED0A0B14AA15A9484647
:1079E00001F084F9C7F30A560290002E78D00B9B61
:1079F000CDF84880C3F31303DDE90A0143F07F5358
:107A000043F44013A6F2FF3619460022764BF8F7EE
:107A100043FC6BA3D3E90023F8F7F6FD6AA3D3E98F
:107A20000023F8F73BFC044630460D46F8F782FD8C
:107A300067A3D3E90023F8F7E7FD02460B4620468B
:107A40002946F8F72BFC04460D46F9F78DF800227D
:107A50000746002320462946F9F748F840B1384642
:107A6000F8F768FD22462B46F9F736F800B9013FD2
:107A7000162F52D85D4B03EBC703D3E90023DDE992
:107A80000A01F9F733F8002849D0013F0023109389
:107A9000149B9B1B5A1E45BFC3F101030093002397
:107AA0000023069254BF00930693002F39DB069BF8
:107AB0000D973B44069300230893079B092B63D83B
:107AC000052BC4BF043B0793079BA3F10203CCBF64
:107AD00000240124032B63D8DFE803F05254372B32
:107AE000DDE914631E4406F23243202BC1BFC3F10B
:107AF00040039F4006F2124324FA03F3D6BFC3F1BA
:107B0000200347EA030004FA03F0F8F703FD01221B
:107B1000A1F1F873013E129276E70123B7E71090C6
:107B2000B6E7009BDB1B00937B42089300230D9379
:107B3000C3E7012309930C9B07EB030B0BF1010334
:107B4000012B0393B8BF012306E0012309930C9B8B
:107B5000002B28DD9B460393D9F81C00002104224A
:107B600002F114059D4226D94160484600F09CFD73
:107B70008246002842D11E4B024640F2AF11DAE69F
:107B80000023E3E70023D5E70124002307930994AA
:107B90004FF0FF3B0022CDF80CB012230C92DBE734
:107BA00001230993F4E74FF0010BCDF80CB05B46CD
:107BB000CDF830B0D0E701315200D1E7AFF300800B
:107BC00061436F63A787D23FB3C8608B288AC63FE3
:107BD000FB799F501344D33FD1BB0008E8BB00089A
:107BE0000000F07FA1BB00080000F83F38BD00088E
:107BF00040BC0008CDBB0008A0BB0008D9F81C3071
:107C00001860039B0E2B00F2A180002C00F09E80D8
:107C1000002F33DD9C4B07F00F0203EBC20393ED03
:107C2000007BF8058DED0E7B4FEA271416D5974B98
:107C3000DDE90A01D3E90823F8F710FECDE90401D4
:107C400004F00F040326914D54B9DDE90E23DDE95C
:107C50000401F8F703FECDE9040128E00226F2E76B
:107C6000E10708D5DDE90E01D5E90023F8F7CCFCE2
:107C7000CDE90E01013664100835E5E700F0AF806C
:107C80007C42814B814D04F00F0203EBC203D3E928
:107C90000023DDE90A01F8F7B7FCCDE9040124115E
:107CA00000230226002C40F08F80002BD3D1109BA4
:107CB000DDE90445002B00F09480754B002220463E
:107CC0002946F8F713FF002800F08B80039B002B58
:107CD00000F08780BBF1000F34DD20466D4B0022A1
:107CE0002946F8F791FCCDE9040107F1FF38013688
:107CF0005C463046F8F71EFCDDE90423F8F784FC07
:107D0000654B0022F8F7CAFA0546A1F15076002C1F
:107D10006AD1DDE90401614B0022F8F7BDFA0246A1
:107D20000B46CDE904232A463346F8F7FDFE00282A
:107D300040F09882DDE904012A4606F10043F8F795
:107D4000D5FE38BBDDE90A34CDE90434159B002BA0
:107D5000C0F257810E2F00F354814B4B03EBC70346
:107D600093ED007B0C9B002B8DED007B80F2E5807A
:107D7000039B002B00F3E1800CD1484B002251EC17
:107D8000170BF8F741FCDDE90423F8F7C3FE0028E0
:107D900000F06682002425460C9B56466FEA0308D5
:107DA00000272146484600F0BFFC002D00F0BD80B2
:107DB0002FB1AF4203D03946484600F0B5FC294602
:107DC000484600F0B1FCB0E0E20705D5D5E9002354
:107DD000F8F71AFC013601236410083562E7022621
:107DE00065E7039CB84684E7274B099903EBC40376
:107DF00053E902235444002954D029490020F8F7BC
:107E00002DFD33462A46F8F747FACDE90E015646CE
:107E1000DDE90401F8F7A8FE0546F8F78BFB0246FA
:107E20000B46DDE90401F8F737FA303502460B4618
:107E3000CDE9042306F8015BDDE90E23F8F756FED1
:107E4000002872D1DDE9042311490020F8F724FA53
:107E5000DDE90E23F8F74AFE002840F0B480A64280
:107E60003FF470AFDDE90E010A4B0022F8F7CCFBBE
:107E7000084BCDE90E010022DDE90401F8F7C4FB4F
:107E8000CDE90401C4E700BF38BD000810BD0008FB
:107E90000000F03F0000244000001C40000014409F
:107EA0000000E03F31462846F8F7AEFBCDE90E0171
:107EB00013945646DDE90401F8F756FE0546F8F737
:107EC00039FB02460B46DDE90401F8F7E5F93035E8
:107ED00006F8015B02460B46A642CDE904234FF0AB
:107EE000000224D1AF4BDDE90E01F8F7D7F90246C5
:107EF0000B46DDE90401F8F717FE002863D1DDE940
:107F00000E23A8490020F8F7C7F902460B46DDE921
:107F10000401F8F7EBFD00283FF414AF139E731E25
:107F2000139316F8013C302BF8D047463BE09E4BAC
:107F3000F8F76AFBCDE90401BCE7DDE904455646E4
:107F4000DDE9002320462946F8F788FCF8F70CFE07
:107F50008046F8F7EFFADDE90023F8F755FB024613
:107F60000B462046294608F13004F8F795F906F843
:107F7000014B039DA6EB0A04A54202460B4633D1F2
:107F8000F8F78CF9DDE9002304460D46F8F7CCFD3F
:107F9000C0B9DDE9002320462946F8F79DFD10B160
:107FA00018F0010F0ED10299484600F0BDFB0023E6
:107FB0003370119B01371F60219B002B00F04B8217
:107FC0001E6048E2B84633461E4613F8012D392A92
:107FD00006D19A45F8D1302208F101088AF800202C
:107FE0001A7801321A70A0E76F4B0022F8F70CFBE9
:107FF0000022002304460D46F8F76EFD00289FD0AE
:10800000D1E7099A002A00F0EA80079A012A00F3D2
:10801000CD80129A002A00F0C18003F23343089CFD
:10802000009E009A1A440092069A01211A4448467A
:10803000069200F02DFC054666B1069B002B09DD7B
:10804000B342009AA8BF3346D21A0092069AF61A93
:10805000D31A0693089B0BB3099B002B00F0C68034
:10806000002C00F0C08029462246484600F0C8FC9B
:10807000029A01460546484600F020FC02998046D7
:10808000484600F051FB089B1B1B089300F0B18091
:10809000089A4146484600F0B3FC02900121484648
:1080A00000F0F6FB0D9B0446002B00F0D8811A4629
:1080B0000146484600F0A4FC079B012B044600F350
:1080C0009F80049B002B40F09780059BC3F3130314
:1080D000002B40F09380059B23F000431B0D1B05F4
:1080E00033B1009B01330093069B013306930123B8
:1080F00008930D9B002B00F0B881236904EB8303E8
:10810000186900F079FBC0F12000069B184410F0BC
:108110001F0000F08280C0F12003042B73DD009B60
:10812000C0F11C0003440093069B034406440693DD
:10813000009B002B05DD02991A46484600F0BAFC68
:108140000290069B002B05DD21461A46484600F0AA
:10815000B1FC0446109B002B61D00298214600F030
:1081600015FD00285BDA002302990A22484600F038
:10817000FDFA099B029007F1FF38002B00F0778190
:10818000294600230A22484600F0F0FABBF1000F0E
:1081900005466FDC079B022B49DC6BE0149BC3F1A7
:1081A00036033CE70000E03F00002440039B5C1ED8
:1081B000089BA34209DB1C1B039B002BBFF630AFBF
:1081C000009B039A9E1A00232BE7089B0D9A0894A4
:1081D000E31A1A44009E039B0D92002421E7089C99
:1081E000009E099D28E7DDF8088051E7089A02996A
:1081F00050E7CDF8088051E7002379E7049B77E743
:108200000023089379E793D0009A1C331A44009214
:10821000069A1A441E4406928AE70346F4E7039B33
:10822000002BB84620DC9B46079B022B1EDDBBF1D2
:10823000000F7FF4B1AD21465B460522484600F0B1
:1082400095FA01460446029800F0A0FC00287FF74A
:10825000A3AD5646312306F8013B08F101089FE51E
:10826000039CB8462546F4E7DDF80CB0099B002BCB
:1082700000F00181002E05DD29463246484600F017
:1082800019FC0546089B002B5CD06968484600F045
:108290000BFA064628B9824B024640F2EF21FFF75F
:1082A0004ABB2A690232920005F10C010C3000F041
:1082B000A3FF01223146484600F0FCFB0AF101030E
:1082C00000930AEB0B030893049B03F001032F4672
:1082D00006930546009B0298214603F1FF3BFFF7FA
:1082E0008AFA03463033039039460298099300F026
:1082F0004DFC2A4604902146484600F063FCC268C3
:10830000099B064602BB0146029800F03FFC099B10
:108310000246314648460C92099300F005FA079B45
:108320000C9A009E42EA0301069B1943099B0DD15A
:10833000392B27D0049A002A01DD039B31338BF8B7
:1083400000302EE52846B9E70122E2E7049900292A
:1083500004DB079801430698014320D1002AEEDD93
:10836000029900930122484600F0A4FB21460290A6
:1083700000F00CFC0028009B02DCE0D1DA07DED51F
:10838000392BDAD139238BF8003033461E46013BB6
:1083900016F8012C392A4ED001321A7001E5002A54
:1083A00003DD392BEED00133C9E7009A089902F8B2
:1083B000013C8A4228D0029900230A22484600F054
:1083C000D5F9AF4202904FF000034FF00A02394650
:1083D000484607D100F0CAF907460546009B01331D
:1083E000009377E700F0C2F92946074600230A22E6
:1083F000484600F0BBF90546F0E7BBF1000FCCBFE3
:108400005E46012656440027029900930122484601
:1084100000F050FB2146029000F0B8FB0028B4DCCD
:1084200002D1009BDB07B0D433461E4613F8012D62
:10843000302AFAD0B5E49A45A8D1312308F10108D1
:108440008AF80030ADE4219BDFF858A01BB10AF197
:108450000803219A1360504617B0BDE8F08F079BC0
:10846000012B7FF72EAE0D9B089301204DE6BBF14B
:10847000000F7FF7D9AE564602982146FFF7BBF9A9
:1084800000F1300306F8013BA6EB0A029345B4DD88
:10849000029900230A22484600F068F90290EBE7AF
:1084A00040BC0008C4BB000838B50546002941D0CF
:1084B00051F8043C0C1F002BB8BFE41800F0E8F89A
:1084C0001D4A136833B9636014602846BDE838401C
:1084D00000F0E4B8A34208D9206821188B4201BFFC
:1084E00019685B6809182160EDE71A465B680BB1F3
:1084F000A342FAD911685018A0420BD12068014458
:10850000501883421160E0D118685B6853600844DA
:108510001060DAE702D90C232B60D6E72068211817
:108520008B4204BF19685B68636004BF091821604F
:108530005460CAE738BD00BF040B0020024B01465F
:10854000186800F025B800BF2400002070B50F4E59
:108550000C463168054611B900F03EFE30602146F8
:10856000284600F039FE431C03D14FF0FF3420466B
:1085700070BDC41C24F00304A042F8D0211A284680
:1085800000F02AFE0130F2D1EFE700BF000B00201F
:108590002DE9F843CD1C25F0030508350C2D38BF17
:1085A0000C25002D064601DBA94204D90C233360BB
:1085B0000020BDE8F883DFF8D48000F069F8D8F82F
:1085C00000301C4644BB29463046FFF7BFFF431C22
:1085D000044658D1D8F800402746002F43D1002C3C
:1085E0004BD023683946304604EB030900F0F4FD14
:1085F000814542D121686D1A29463046FFF7A6FF12
:1086000001303AD023682B442360D8F800305A68F0
:1086100062BBC8F800700FE02268521B20D40B2AFE
:1086200017D96119A342256018BF5960636808BF54
:10863000C8F8001062514B60304600F02FF804F18A
:108640000B00231D20F00700C21A1CBF1B1AA350E9
:10865000AFE76268A3420CBFC8F800205A60EBE79E
:1086600023466468AEE73C467F68B6E71A465B6817
:10867000A342FBD100235360DEE70C233360304676
:1086800000F00CF894E70560D6E700BF040B00206B
:108690000148FFF7AEB800BFFC0A00200148FFF711
:1086A000A9B800BFFC0A002070B5C66904460D4693
:1086B00076B91020FFF742FF0246E06120B9184B5F
:1086C00018486B2100F0A6FDC0E901660660C6608F
:1086D000E669F36883B1E369DB6853F82500B8B94C
:1086E000012101FA05F6721D9200204600F0B0FD4E
:1086F00060B1C0E901560EE021220421204600F0BD
:10870000A7FDE369F060DB68002BE4D1002070BDB9
:10871000026843F825200023C0E90333F7E700BFD0
:10872000D1BB000851BC000870B5C66905460C46AF
:1087300076B91020FFF702FF0246E86120B9094B25
:1087400009488F2100F066FDC0E901660660C66039
:108750003CB1EB696268DB6853F82210216043F892
:10876000224070BDD1BB000851BC00082DE9F0418A
:108770000D6907460C461E4601F1140C0020DCF87A
:10878000003099B202FB01611E0C0B0C02FB063398
:1087900089B2013001EB034185424CF8041B4FEADA
:1087A0001346ECDC0EB3A368AB4219DC61683846B3
:1087B0000131FFF779FF804628B902460C4B0D487E
:1087C000BA2100F027FD2269023204F10C01920067
:1087D0000C3000F011FD21463846FFF7A5FF444656
:1087E00004EB850301355E6125612046BDE8F0811B
:1087F00040BC000851BC0008B0F5803F034636BFBE
:10880000030400201020B3F1807F3CBF1B0208301E
:10881000B3F1805F3CBF1B010430B3F1804F3CBF1C
:108820009B000230002B05DB13F0804F00F10100AC
:1088300008BF202070470368024613F007000BD0E2
:10884000D90721D4980749BF5B089B080120136012
:108850005CBF13600220704799B209B91B0C10204D
:10886000D9B209B908301B0A190704BF1B09043023
:10887000990704BF9B080230D90703D45B0800F1B5
:10888000010003D01360704700207047202070471C
:1088900010B50C460121FFF707FF024628B9054B2A
:1088A000054840F2451100F0B5FC01234461036125
:1088B00010BD00BF40BC000851BC00082DE9F04FBE
:1088C00017460A693B699A42A8BF3B468946A4BF3E
:1088D0000F4699463D69D9F810A0BB68796805EB49
:1088E0000A06B34285B0B8BF0131FFF7DDFE30B9EB
:1088F0000246414B41484FF4B17100F08BFC00F14E
:10890000140404EB860E23460022734520D307F19E
:10891000140809F1140108EB850501EB8A030293A1
:10892000EB1B153B23F0030304331537BD4238BF5F
:1089300004230193029B03918B420CD8002E03DD8C
:108940005EF8043D002B55D0066105B0BDE8F08F00
:1089500043F8042BD9E7B1F800A0BAF1000F1FD0FB
:10896000C446A14600275CF8042BD9F800301FFA52
:1089700082FB9BB20AFB0B333B44D9F80070120C0C
:108980003F0C0AFB027202EB13429BB243EA024322
:10899000654549F8043B4FEA1247E4D8019BE7508C
:1089A000039BB3F802900431B9F1000F20D0236883
:1089B0004746A4464FF0000AB7F800B0BCF80220C2
:1089C00009FB0B2252449BB243EA02434CF8043B9E
:1089D00057F8043B4FEA134ABCF8003009FB0A334E
:1089E00003EB1243BD424FEA134AE5D8019AA35064
:1089F00004349FE7013EA1E740BC000851BC0008D9
:108A00002DE9F843154612F0030207460E4607D03B
:108A1000254C013A002354F82220FFF7A7FE064612
:108A2000AD103DD0FC697CB91020FFF787FD0246F0
:108A3000F86128B91D4B1E4840F2B31100F0EAFB63
:108A4000C0E901440460C460D7F81C80D8F808402D
:108A50004CB940F271213846FFF71AFF0023C8F8DD
:108A60000800044603604FF00009EB070AD53146C1
:108A700022463846FFF722FF314680463846FFF748
:108A800053FE46466D100BD0206838B92246214669
:108A90003846FFF713FF2060C0F800900446E4E773
:108AA0003046BDE8F88300BF04BD0008D1BB000814
:108AB00051BC00082DE9F0470C464968236903EBD7
:108AC0006218A368074691464FEA621A08F1010648
:108AD000B3420BDB3846FFF7E7FD054648B90246CF
:108AE000284B29484FF4EF7100F094FB01315B00F3
:108AF000EEE7002300F1140100F11002184653457F
:108B000033DB20692AEAEA7A04F1140319F01F0919
:108B100001EB8A0103EB800C2BD0C9F1200E8A46B1
:108B20000022186800FA09F010434AF8040B53F8C1
:108B3000042B9C4522FA0EF2F3D8ACEB0403153B50
:108B400023F00303043304F11500604588BF0423B8
:108B5000CA500AB108F10206013E38462E6121468C
:108B6000FFF7E2FD2846BDE8F08742F8040F013325
:108B7000C5E7043953F8042B41F8042F9C45F9D874
:108B8000EAE700BF40BC000851BC00080A69034680
:108B90000069801A30B50ED11433143103EB82040E
:108BA00001EB820154F8045D51F8042D954203D085
:108BB00005D24FF0FF3030BDA342F3D3FBE70120D5
:108BC000F9E700002DE9F74F894606461146484669
:108BD0001446FFF7DBFF051E12D129463046FFF78A
:108BE00063FD024628B93F4B40F237213E4800F072
:108BF00011FB0123C0E90435104603B0BDE8F08F36
:108C0000BCBF4B46A1463046D9F80410BABF1C463B
:108C100001250025FFF748FD024618B9314B40F207
:108C20004521E3E7D9F810702669C56009F1100302
:108C300009F1140504F1140E00F1140B05EB87087B
:108C40000EEB86060193D9464FF0000C019B5EF8AF
:108C5000040B53F804AF01931FFA8AF3194683B249
:108C6000CB1A000C6344C0EB1A4000EB23409BB2CC
:108C700043EA0043764549F8043B4FEA204CE5D8E7
:108C8000331B153B23F0030315340433A64238BFCE
:108C900004231D445B441E462C4644450ED308F174
:108CA0000301491B21F00301033DA84538BF002102
:108CB0000B4453F8041D91B117619DE754F8041B50
:108CC000E646080C1CFA81FC714400EB2C4089B28A
:108CD00041EA004146F8041B4FEA204CDDE7013F22
:108CE000E7E700BF40BC000851BC00082DE9F7438E
:108CF0000F46012159EC108B1646FFF7D5FC0446B0
:108D000030B90246234B244840F20F3100F082FA7A
:108D1000C9F30A55C9F313030DB143F4801301934A
:108D2000B8F1000323D068460093FFF784FDDDE926
:108D30000012D0B1C0F1200302FA03F30B43C2408A
:108D400063610192019BA361002B0CBF01220222EF
:108D50002261A5B1A5F2334505443D60C0F135005F
:108D60003060204603B0BDE8F0836161EAE701A806
:108D7000FFF761FD019B636120300122E8E704EB0E
:108D80008203A0F2324038601869FFF735FDC0EB6E
:108D90004210E5E740BC000851BC00082DE9F0474F
:108DA0008E681F46BE420B6882460C4690462DD800
:108DB000B1F90C2012F4906F26D06569096905EBB2
:108DC0004505A3EB010905EBD5757B1C4B446D10E4
:108DD0009D4238BF1D46530527D52946FFF7D8FBCE
:108DE000064660B321694A4600F006FAA38923F4D7
:108DF000906343F08003A381266165614E44A5EB37
:108E000009052660A5603E46BE4200D93E46206860
:108E10003246414600F0C6F9A3689B1BA360236855
:108E2000334423600020BDE8F0872A4600F036FA7C
:108E300006460028E0D121695046FFF735FB0C2398
:108E4000CAF80030A38943F04003A3814FF0FF30FC
:108E5000E9E700002DE9F04F98468B891B069DB08D
:108E600007460D46144610D50B6973B94021FFF72C
:108E70008FFB2860286130B90C233B604FF0FF3036
:108E80001DB0BDE8F08F40236B61002309932023C0
:108E90008DF82930CDF80C803023DFF89C818DF8D7
:108EA0002A304FF0010923469A4613F8012B0AB1E4
:108EB000252AF9D1BAEB040B0BD05B462246294692
:108EC0003846FFF76BFF013000F0A780099A5A443B
:108ED00009929AF80030002B00F09F8000234FF099
:108EE000FF32CDE905230AF1010A049307938DF8B7
:108EF00053301A935446052214F8011B4E48F7F7D5
:108F00006FF9049AD8B9D00644BF20238DF85330A6
:108F1000110744BF2B238DF853309AF800302A2BC9
:108F200015D0079A544600204FF00A0C214611F83C
:108F3000013B303B092B4BD9B0B1079214E0A0EBB9
:108F4000080309FA03F313430493A246D2E7039BF1
:108F5000191D1B680391002BBBBF5B4242F002024C
:108F600007930793B8BF049223782E2B0AD1637816
:108F70002A2B32D1039B1A1D1B68039243EAE37329
:108F800002340593DFF8C0A0217803225046F7F79A
:108F900027F938B1049BA0EB0A004022824013431A
:108FA0000134049314F8011B24488DF8281006227C
:108FB000F7F716F9002836D0214B1BBB039B07336C
:108FC00023F0070308330393099B334409936AE7AB
:108FD0000CFB02320C460120A8E700230134059364
:108FE00019464FF00A0C204610F8012B303A092A96
:108FF00003D9002BC6D00591C4E70CFB0121044620
:109000000123F0E703AB00932A460E4B04A9384630
:10901000FDF772FE421C0646D6D1AB895B063FF5D2
:109020002DAF09982CE703AB00932A46054B04A902
:109030003846FEF7F9F8EDE7AABC0008B4BC000812
:10904000F96C00089D8D0008B0BC0008B1F90C2037
:109050002DE9F041160705460C4654D44B68002B09
:1090600002DC0B6C002B48DDE66A002E45D00023A5
:1090700012F480522F68216A2B6030D0626DA38970
:10908000590705D56368D21A636B0BB1236CD21AEA
:109090000023E66A216A2846B047431CA38906D10B
:1090A00029681D292BD82A4ACA40D60727D500226D
:1090B0006260D9042269226004D5421C01D12B6868
:1090C00003B96065616B2F60B9B104F14403994243
:1090D00002D02846FFF7E8F9002363630DE001237F
:1090E0002846B0470246501CC9D12B68002BC6D079
:1090F0001D2B01D0162B1ED12F60002022E043F043
:1091000040031BB21BE00F69002FF6D093070E68D7
:1091100008BF4B690F6018BF0023A6EB07088B60E0
:10912000B8F1000FE9DD216AA66A43463A462846AF
:10913000B047002808DCB4F90C3043F04003A381A9
:109140004FF0FF30BDE8F0810744A8EB0008E7E7E7
:109150000100402038B50B6905460C4613B90025BF
:10916000284638BD18B1036A0BB9FEF707FAB4F9FF
:109170000C30002BF3D0626ED00704D4990502D4D2
:10918000A06DFEF736FB28462146FFF75FFF636EB2
:10919000DA070546E4D4A3899B05E1D4A06DFEF768
:1091A00029FBDDE7884210B501EB020402D98442B5
:1091B000234607D8431EA14208D011F8012B03F81B
:1091C000012FF8E7024401468A4200D110BD13F88E
:1091D000014D02F8014DF7E738B5064D002304466E
:1091E00008462B60F9F788FD431C02D12B6803B1B8
:1091F000236038BDF80A00200A44914200F1FF3391
:1092000000D1704710B511F8014B03F8014F91429E
:10921000F9D110BD1FB514461A46094B1B68054607
:10922000D8684CB1074B0091CDE9013406492B4673
:1092300000F070F800F080F8044B1C46F3E700BF24
:1092400024000020C5BC0008D2BC000800BD0008F6
:1092500070B5A1FB025434B92946FFF799F90646C7
:1092600028B9304670BD0C2202600026F9E72A4674
:109270002146FEF71EFAF4E782B001B901A942B116
:109280004BB113780B601278101E18BF012002B08A
:1092900070471046FBE76FF00100F8E72DE9F04159
:1092A000074614460D4621B9BDE8F0411146FFF7C7
:1092B0006FB92AB9FFF7F8F825462846BDE8F081CE
:1092C00000F041F88442064602D8B4EB500FF4D8BF
:1092D00021463846FFF75CF9804608B94546ECE779
:1092E000B4422246294628BF3246FFF785FF294669
:1092F0003846FFF7D9F8F1E70346084641B1FF2A9F
:1093000004D98A221A604FF0FF3070470A7001209A
:10931000704700000EB403B5014603AB054853F88F
:10932000042B0068019300F03FF802B05DF804EBF5
:1093300003B070472400002008B5062000F008FAAA
:109340000120F9F761FC51F8043C181F002BBCBF49
:109350000B58C01870479368013B002B10B4936002
:1093600008DA9469A34201DB0A2903D15DF8044BB2
:1093700000F032B91368581C1060197008465DF887
:10938000044B7047F8B506460F461446D518AC4254
:1093900001D1002007E014F8011B3A463046FFF7E0
:1093A000DAFF431CF3D1F8BD2DE9F04F0D469DB017
:1093B00014469846064618B1036A0BB9FEF7DEF864
:1093C0006B6ED90705D4AB899A0502D4A86DFEF758
:1093D00010FAAB891B0701D52B699BB9294630468A
:1093E00000F038F970B16B6EDC0704D54FF0FF3038
:1093F0001DB0BDE8F08FAB899805F7D4A86DFEF7D6
:10940000F9F9F3E70023099320238DF82930CDF8EB
:109410000C803023DFF8AC818DF82A304FF0010941
:1094200023469A4613F8012B0AB1252AF9D1BAEB43
:10943000040B0BD05B46224629463046FFF7A2FFBD
:10944000013000F0A780099A5A4409929AF8003036
:10945000002B00F09F8000234FF0FF32CDE9052361
:109460000AF1010A049307938DF853301A93544676
:10947000052214F8011B5348F6F7B2FE049AD8B936
:10948000D10644BF20238DF85330130744BF2B234C
:109490008DF853309AF800302A2B15D0079A54468D
:1094A00000204FF00A0C214611F8013B303B092BFC
:1094B0004BD9B0B1079214E0A0EB080309FA03F30B
:1094C00013430493A246D2E7039B191D1B68039123
:1094D000002BBBBF5B4242F0020207930793B8BF69
:1094E000049223782E2B0AD163782A2B32D1039B46
:1094F0001A1D1B68039243EAE37302340593DFF8F5
:10950000D4A0217803225046F6F76AFE38B1049BB6
:10951000A0EB0A004022824013430134049314F864
:10952000011B29488DF828100622F6F759FE00285D
:109530003FD0264B1BBB039B073323F007030833A5
:109540000393099B3B4409936AE70CFB02320C46E8
:109550000120A8E700230134059319464FF00A0CB7
:10956000204610F8012B303A092A03D9002BC6D027
:109570000591C4E70CFB012104460123F0E703AB8E
:1095800000932A46124B04A93046FDF7B5FB074667
:10959000781CD6D16B6ED90705D4AB899A0502D455
:1095A000A86DFEF727F9AB895B063FF51FAF099859
:1095B0001EE703AB00932A46054B04A93046FDF78E
:1095C00033FEE4E7AABC0008B4BC0008F96C00084C
:1095D00085930008B0BC0008F8B50E461446054651
:1095E00018B1036A0BB9FDF7C9FFA369A360A3898A
:1095F0001A0701D5236943B92146284600F02AF805
:1096000018B14FF0FF373846F8BD23682269981A21
:109610006369F6B28342374605DC21462846FFF7E8
:1096200099FD0028EDD1A368013BA36023685A1C73
:1096300022601E706269431C9A4204D0A389DB0732
:10964000E1D50A2EDFD121462846FFF783FD002809
:10965000D9D0D6E738B5294B054618680C4618B15D
:10966000036A0BB9FDF78AFFB4F90C30190722D44D
:10967000DA0607D409222A6043F04003A3814FF0A1
:10968000FF3033E0580712D5616B41B104F1440358
:10969000994202D02846FEF707FF00236363A3899F
:1096A00023F02403A3810023636023692360A3893B
:1096B00043F00803A38123694BB9A38903F4207302
:1096C000B3F5007F03D02146284600F083F8B4F9B3
:1096D0000C3013F001020AD00022A26062695242EB
:1096E000A261226942B913F08000C5D138BD990743
:1096F00058BF6269A260F4E70020F7E72400002069
:109700001F2938B505460C4604D9162303604FF0CF
:10971000FF3038BDC26B12B152F821304BB9284628
:1097200000F030F8224601462846BDE8384000F0F7
:1097300017B8012B0AD0591C03D11623036001204E
:10974000E7E7002142F82410204698470020E0E790
:10975000024B01461868FFF7D3BF00BF240000206A
:1097600038B5074D00230446084611462B60F9F72B
:109770003BFA431C02D12B6803B1236038BD00BF04
:10978000F80A0020F9F728BA70B50C46B1F90E10A6
:10979000002996B015461E460DDAA38913F0800FF6
:1097A0004FF0000114BF40234FF48063002031606C
:1097B0002B6016B070BD6A4600F048F80028ECDB5C
:1097C000019901F47041A1F50053594259414FF4F8
:1097D0008063EBE78B89F7B59D0706460C4607D5F6
:1097E00004F14703236023610123636103B0F0BDEB
:1097F00001AB6A46FFF7C8FF009F05463946304671
:10980000FEF7C6FE48B9B4F90C309A05EED423F041
:10981000030343F00203A381E2E7A389206043F03E
:109820008003A381019BC4E904075BB1B4F90E1066
:10983000304600F01DF828B1A38923F0030343F05C
:109840000103A381A3891D43A581CFE738B5074D47
:1098500000230446084611462B60F9F725FA431CFD
:1098600002D12B6803B1236038BD00BFF80A002085
:1098700038B5064D0023044608462B60F9F724FA54
:10988000431C02D12B6803B1236038BDF80A0020C5
:1098900008B52DED028BB0EE408A00F017F8B4EE5B
:1098A000488AF1EE10FA0CD6DFED078AB4EEE88AAA
:1098B000F1EE10FA05D5FDF771FF88EEA80A212315
:1098C0000360BDEC028B08BD00000000B1EEC00AD1
:1098D00070470000F8B500BFF8BC08BC9E46704752
:0C98E000F8B500BFF8BC08BC9E467047FD
:1098F00052656420656E206C696E65610000000031
:10990000506C616E7461206675657261206C696E61
:1099100065610000506C616E746120656E206C6939
:109920006E656100526564206675657261206465CC
:109930006C696E65610000004641554C545F5245AC
:109940005345540052454400506C414E5441000070
:10995000434F4E4649470000417472617300000056
:1099600073616C69656E646F000000004163746927
:109970007661646F000000006D6F646F000000008E
:109980004175746F000000006D616E75616C0000C0
:1099900054656C656D65740063616C696272610029
:1099A00046520000436100004C415A41524F0000B2
:1099B00056313D252E32662020202056323D252E60
:1099C0003266202020202056333D252E326620206E
:1099D00056343D252E3266202056353D252E3266E2
:1099E000200D0A003E3E43414C494252414E444FF5
:1099F000204C4F532043414E414C45530D0A00002B
:109A0000494E464F000000000A0206000000000018
:109A10000000000000000000000000000000000244
:109A200000007E01000000000000000000000000B7
:109A30000000000003070000000700000000000015
:109A4000000000000000000000074000C80178008E
:109A5000CE0178004E00080000000000000005184C
:109A6000012401FF072401C40000000000000000E1
:109A70000000000A0C00120012008C0160001800A7
:109A8000C60020012001C00007EC00120112012CC9
:109A900001C000B00000010000000000000107004C
:109AA00000000000000000000000000000000000B6
:109AB000000003F80006030104000000000000009D
:109AC000000000000000000301040603F80000008D
:109AD000000000000000000000000000050A000473
:109AE000001F0004000A0000000000000000000049
:109AF0000007200020002000FC01200020002000A2
:109B000000000000000002000480030000000000CC
:109B10000000000000000000000000032000200002
:109B20002000000000000000000000000000000015
:109B300002000080010000000000000000000000A2
:109B40000000000000030007F8000700000000000C
:109B50000000000000000000000005FC00020102FF
:109B6000010201FC000000000000000000000004F1
:109B700000000401FE0100010000000000000000E0
:109B8000000000000584014201220112010C0100C5
:109B90000000000000000000000584000201120126
:109BA0001201EC0000000000000000000000053081
:109BB0000028002400FE012000000000000000003A
:109BC000000000059E00120112011201E2000000D7
:109BD000000000000000000005F80014011201124E
:109BE00001E000000000000000000000000502008D
:109BF000820162001A000600000000000000000060
:109C0000000005EC00120112011201EC000000003E
:109C100000000000000000051C0022012201A2003B
:109C20007C0000000000000000000000020000981E
:109C30000100000000000000000000000000000023
:109C40000002000498030000000000000000000073
:109C500000000000000007000020005000500088B5
:109C600000880004010000000000000750005000C0
:109C70005000500050005000500000000000000054
:109C800007000004018800880050005000200000F8
:109C90000000000000040200620112000C0000003D
:109CA0000000000000000000000009F8000401723C
:109CB000028A028A02FA028200840078000000060A
:109CC000C0017800460046007800C0010000000096
:109CD0000000000005FE01120112011201EC00005B
:109CE000000000000000000000067800840002016F
:109CF000020102010201000000000000000006FE57
:109D0000010201020102018400780000000000004D
:109D100000000005FE011201120112010201000003
:109D2000000000000000000005FE011200120012F9
:109D30000012000000000000000000000006780093
:109D40008400020122012201E20100000000000063
:109D5000000006FE011000100010001000FE0100BF
:109D600000000000000000030201FE0102010000EB
:109D700000000000000000000000000004000102DC
:109D8000010201FE000000000000000000000000D1
:109D90000005FE01300048008400020100000000C0
:109DA00000000000000004FE0100010001000100AD
:109DB000000000000000000000000007FE01060097
:109DC0001800600018000600FE01000000000000FE
:109DD00006FE010600180060008001FE0100000080
:109DE0000000000000077800840002010201020167
:109DF0008400780000000000000005FE012200221F
:109E00000022001C0000000000000000000000070D
:109E10007800840002010201020384047804000037
:109E20000000000006FE012200220062009C0000EB
:109E3000010000000000000000050C0112011201E9
:109E40001201E20000000000000000000000050216
:109E5000000200FE010200020000000000000000FD
:109E600000000006FE000001000100010001FE00EC
:109E70000000000000000000050E0070008001706E
:109E8000000E0000000000000000000000090E00AD
:109E90007000800170000E007000800170000E00E4
:109EA00000000586014800300048008601000000DF
:109EB000000000000000000506001800E001180086
:109EC00006000000000000000000000005820142C2
:109ED0000132010A0106010000000000000000003C
:109EE0000003FF070104010400000000000000005F
:109EF000000000000000030700F800000700000059
:109F00000000000000000000000000030104010444
:109F1000FF0700000000000000000000000000003B
:109F200007100008000400020004000800100000F0
:109F30000000000000060004000400040004000407
:109F40000004000000000000000003000001000207
:109F500000000000000000000000000000000005FC
:109F6000C000280128012801F001000000000000C5
:109F70000000000005FF01080108010801F00000D1
:109F800000000000000000000004F00008010801CB
:109F9000080100000000000000000000000005F0C3
:109FA00000080108010801FF010000000000000096
:109FB00000000005F000280128012801B000000081
:109FC000000000000000000003FE0109000900007D
:109FD0000000000000000000000000000005F0008C
:109FE000080508050805F80300000000000000004F
:109FF000000005FF01080008000800F00100000053
:10A000000000000000000001FA0100000000000054
:10A01000000000000000000000000000020804FA38
:10A02000030000000000000000000000000000002D
:10A030000005FF0120005000880000010000000022
:10A0400000000000000001FF01000000000000000F
:10A05000000000000000000000000007F8010800F8
:10A060000800F00108000800F001000000000000F6
:10A0700005F801080008000800F0010000000000D9
:10A08000000000000005F000080108010801F000D0
:10A090000000000000000000000005F807080108AB
:10A0A000010801F0000000000000000000000005B1
:10A0B000F000080108010801F80700000000000096
:10A0C0000000000003F8011000080000000000007C
:10A0D00000000000000000000004300128014801D9
:10A0E000C80000000000000000000000000003FEA7
:10A0F000000801080100000000000000000000004E
:10A1000000000005F800000100010001F801000056
:10A1100000000000000000000518006000800160E1
:10A120000018000000000000000000000007780098
:10A1300080016000180060008001780000000000CD
:10A140000000050801900060009000080100000078
:10A15000000000000000000518006006800160009B
:10A160001800000000000000000000000488014802
:10A17000012801180100000000000000000000009C
:10A18000000420002000DE030104000000000000A5
:10A19000000000000000020000FF070000000000B7
:10A1A0000000000000000000000000040104DE03C5
:10A1B000200020000000000000000000000000005F
:10A1C0000760001000100020004000400030000038
:10A1D000000000000003FE010201FE01000000007B
:10A1E00000000000000000000000000013030A004F
:10A1F000000000000000000000000000000000005F
:10A20000000000000000000000000000000000004E
:10A21000000000000000000000000000000000003E
:10A22000000000000000000007000000800000D0D7
:10A23000670FE07F0FE01F0F400106800000000065
:10A24000000000000000000000000000000000000E
:10A2500000000000000000000000000000000000FE
:10A26000000008000000F00100F00300E000000022
:10A270000000F00100F00300E0000000000000001A
:10A2800000000000000000000000000000000000CE
:10A290000000000000000000000000000D000000B1
:10A2A000006A00006A0000EA0FC0FF0FF0F301F03F
:10A2B0006B0000EA0780FF0BF0BF07F06B00206A1D
:10A2C00000007E0000000000000000000000000010
:10A2D0000000000000000D00000AC0C10BF08F0B51
:10A2E00010D70AF0170D101E16FCFF3FFCEF375079
:10A2F0001C0CF03C0AB0F80770F80210F0010000E6
:10A30000000000000000000000000000000000004D
:10A310000FC00100200200F0070030140E10940757
:10A32000304E01E0F300003C0000CF03C0F30EE02C
:10A33000300970300810300C00F00700C003000036
:10A3400000000000000000000000110000000000FC
:10A350000000F00000FC0700FC0B00FE0FE00B0EFD
:10A36000F0070CF03F0C307F0E90FA07F0E503E0A9
:10A37000780300F00F00300E00000E000006000011
:10A380000000000004000000F00100F003003000B5
:10A3900000000000000000000000000000000000BD
:10A3A00000000000000000000000000000000000AD
:10A3B0000000000000000000000000000000090094
:10A3C000000080FF00E0FF03F0FF1738002ECCFFF5
:10A3D0003B74003C1400301C002000000000000012
:10A3E000000000000000000000000000000000006D
:10A3F0000000000000000000090000000000000450
:10A4000000300C003818003EF8FF1FF0FF0FE0FF8F
:10A410000780FF00000000000000000000000000B6
:10A42000000000000000000000000000000000002C
:10A43000000008400000A00100C00100F00300F08F
:10A440000200500300E00200C00100000000000014
:10A4500000000000000000000000000000000000FC
:10A460000000000000000000000000000C000000E0
:10A4700000000000280000280000280000280080BC
:10A48000FF0100EF0100280000280000280000382C
:10A4900000000000000000000000000000000000BC
:10A4A0000000000000000500004000006200003EC7
:10A4B00000001F00000E000000000000000000006F
:10A4C000000000000000000000000000000000008C
:10A4D000000000000000000000000000000000007C
:10A4E00008000800002800002800002800002800BC
:10A4F00000280000380000200000000000000000DC
:10A50000000000000000000000000000000000004B
:10A510000000000000000000000005000000000036
:10A520000700000F00000F00000600000000000000
:10A53000000000000000000000000000000000001B
:10A54000000000000000000000000000000000000B
:10A55000000000000D00003800001400000F00C0D3
:10A560000300A000007800001E00000700C00300E8
:10A57000F000003800001C00000400000000000093
:10A5800000000000000000000000000000000D00BE
:10A590000000007F00C0FF0560800BB0FF0F70005F
:10A5A0000E30000C30000C30000E700007E0FF078A
:10A5B000C0FF03007F00000000000000000000005A
:10A5C00000000000000000000B0000000000000080
:10A5D000000060000040000840000CF0FF0FF0FF9A
:10A5E0000FF0FF0F00000C0000080000000000004A
:10A5F000000000000000000000000000000000005B
:10A6000000000D000000C00104E0030F30870F10B0
:10A61000C60DD0670D30A50C30720C70580CA03CE4
:10A620000CE01F0CE00F0E80070F00000000000080
:10A630000000000000000000000000000D0000000D
:10A64000008000C0C103E0C10BF0C10F30150E3017
:10A650000F0C300E0C300F0EE0FF0FC0FB07E0F9BF
:10A660000300E00100000000000000000000000006
:10A670000000000000000E00000000E00000D0001C
:10A6800000EC0080DF00F0C700F0C308F0C00C3021
:10A69000FF0F80FF0F807F0F00400C00C00A00807A
:10A6A00001000000000000000000000000000000A9
:10A6B0000D000000008003F0C707100E0E90CB09BC
:10A6C00090060A90060890060890060C900E0EDC84
:10A6D000FC074CFC0338F8010000000000000000FB
:10A6E000000000000000000000000D000000007FDE
:10A6F00000C0FF01E00003A0FD06500A0F30050C6A
:10A7000030050C50190E70030FF0FE07A0FC03403B
:10A71000F800000000000000000000000000000041
:10A72000000000000D000000000000000100F0012A
:10A730000090010090000090800F90E00F90F00FCB
:10A7400090F80F903E00900700F00100000000001C
:10A7500000000000000000000000000000000E00EB
:10A76000000000E001E0F103F01B0610EF0FE81716
:10A7700008380E08550E085B0E08761D08E03A0CE6
:10A78000E0F90700F00300E0010000000000000015
:10A7900000000000000000000D000000800F00C05D
:10A7A0001F20603860D07760706850306030306053
:10A7B0002830301E60EC0FE0FF07C0FF01007F0073
:10A7C0000000000000000000000000000000000089
:10A7D00000000500000080030780070F80070F00BE
:10A7E0000306000000000000000000000000000060
:10A7F0000000000000000000000000000000000059
:10A800000000000000000000000000000500004003
:10A8100080036280073E80071F00030E00000000D7
:10A820000000000000000000000000000000000028
:10A830000000000000000000000000000000000018
:10A840000000000000000B000000000800000C00E9
:10A85000001C00003E0000390000710080E0008014
:10A86000E00140C001208003000000000000000063
:10A8700000000000000000000000000000000000D8
:10A880000C00000000660000EE0000EE0000EE008C
:10A8900000EE0000EE0000EE0000EE0000EE000012
:10A8A000EE0000CE000000000000000000000000EC
:10A8B000000000000000000000000B000000E000AD
:10A8C00002C00101808301808300004700006E0008
:10A8D000002E00001C00001C00000800000000000A
:10A8E0000000000000000000000000000000000068
:10A8F000000000000AC00300E00100300300D07136
:10A9000007501D0F70EE0FF03706E01B00E00D0042
:10A91000C003000000000000000000000000000074
:10A920000000000000000000000000000000110016
:10A930000000003E0080C100C07E01E0BF0BE07F50
:10A940000AD0C10CB0FE0CB0C10CB0B00CB0FF0C02
:10A95000B0C30CB0FF0660C006E07000403F00804E
:10A960000F000000000000001200000800000C00B2
:10A97000000E00860F007D0C00FE0F901F08707BFC
:10A9800000F0E001F0F300F05F00D0FF0C00FE0FDC
:10A9900000F60F00D60F00080E00000C00000800A3
:10A9A00000000E00140820140CE0FF0FF0FF0F1041
:10A9B000040CF0F70F30140C30140C30140C301E53
:10A9C0000CE02F0EE0FB0FE0F507C0F303000000E2
:10A9D0000000000000000000000000000E00000069
:10A9E00000FE0080FF03C0FF07E0FF07F0000F300C
:10A9F000000C30000830000830000CF00006F0E0D9
:10AA00000730C0012000000000000000000000002E
:10AA10000000000000000E00000810000CF0FF0F06
:10AA2000F0FF0F10000CD0FF0F50000C50000C7006
:10AA3000000C300006E08007E0FF03C0FF01007F4C
:10AA40000000000000000000000000000000000006
:10AA50000F103808101404F0FF0FF0FF0F10040C53
:10AA600010040CD0F70F50140C50140C503F0C7005
:10AA7000000EF0800F30800E10000F00000C000060
:10AA8000000000000000000000000E101808101464
:10AA90000CF0FF0FF0FF0F10040CD0F70F50140C48
:10AAA000501408500E00703F00700000F00000309D
:10AAB0000000100000000000000000000000000086
:10AAC0000000000010000000007F0080FF00C0FFB9
:10AAD00003E0FF0BF0080F70170E30140C30140C4D
:10AAE00030140C60140C60FC0FE0FC0F30FC0F0005
:10AAF000040C0000080000000000000000000F101F
:10AB00001808100C0CF0FF0FF0FF0F100C0CF0FFEA
:10AB10000F10180C00180800180810180CF0FF0F80
:10AB2000F0FF0FF0FF0F10000C0000080000000005
:10AB300000000000000000000710000810000CF0EA
:10AB4000FF0FF0FF0FF0FF0F10000C0000080000D7
:10AB500000000000000000000000000000000000F5
:10AB600000000000000000000000000000000000E5
:10AB700000000C00800000C00100E00B00F00F009E
:10AB8000C00F00000C10000C10000EF0FF0BF0FFC7
:10AB900007F0FF02100001000000000000000000AC
:10ABA000000000000000000000000000111000087C
:10ABB00010000CF0FF0FF0FF0F10100CF0DF0F1063
:10ABC000380C001608001F00907F08F0F80D70E0A8
:10ABD0000F30800F10000E10000C0000080000085D
:10ABE0000000000000000E10000810000CF0FF0F25
:10ABF000F0FF0F10000CF0FF0F10000C00000C0015
:10AC0000000C00000E00400F00800F00000F00003D
:10AC10000400000000000000000000000000000030
:10AC20001210000C10000CF0FF0F70000CF0FF0F62
:10AC3000F0070CF03F0890FF0100FC0F00E00F0050
:10AC4000F801103F08F0040CF0FF0FF0FF0FF0FFC9
:10AC50000F10000C0000080000000F10000810008A
:10AC60000CF0FF0F70000EF0FF0FF0010CF0070862
:10AC7000901F00007E0010F80310A00FF0FF0FD00F
:10AC8000FF0F300000200000000000000000000066
:10AC9000000000000E000000007F00C0FF01E0FF88
:10ACA0000360FF0BF0000F30000C30000C30000E82
:10ACB00060000FF0FF07E0FF03C0FF01007F00000E
:10ACC00000000000000000000000000000000F0075
:10ACD000000000180810180CF0FF0FF0FF0F10080C
:10ACE0000CD0FF0F50080C500808700800B00C0082
:10ACF000E00F00E00700E00700C0030000000000D4
:10AD0000000000000000000010000000007F00C0F4
:10AD1000FF01E0FF03E0FF0B70000F10000E1000BA
:10AD20000D30800F60000FE0FF0FE0FF19207F3F24
:10AD3000C0C03C003F1800000800000000000000F8
:10AD400000001000500820380CE0FF0FF0FF0F103B
:10AD5000080CF0EF0F30280C301808301C0030F6CB
:10AD600000E0EF3FE08B2FE0051FC003160000144A
:10AD70000000080000000000000000000D00000EB0
:10AD8000C0C30BE08F0B300E0BF01E0E102C0C10FE
:10AD90002C0C101C0C30380CF0780EF0F00730E85A
:10ADA0000300F001000000000000000000000000AF
:10ADB0000000000000000EF00000B0000050000095
:10ADC00050000850000CF0FF0FF0FF0FD0FF0D50A7
:10ADD000000E500008700000700000D0000030002D
:10ADE0000000000000000000000000000000000063
:10ADF0000F100000100000F0FF01F0FF0B10000E1C
:10AE0000F0FF0D10000E00000C00000C10000C10E4
:10AE10000007F0FF07D0FF03300000200000000013
:10AE200000000000000000000000111000003000D1
:10AE300000F00100F00F00F07F0820FB0F00DC0F96
:10AE400000200F00C00F00F80C001E08C40700FC13
:10AE500000003C00000A00000500000200000000A5
:10AE60000000000013100000700000F00700D03F49
:10AE700004F0FF0F20EE0F00F00F00FC0FC03F08A2
:10AE8000F00308F01F08E0FF0D00FF0F00D00F00D7
:10AE9000F80F843F0CFC07086E00001A0000110038
:10AEA000000C10000C10000E30800FF0C00DF0A14F
:10AEB00008F07F00901F00003F0000F70CD0F90F52
:10AEC000F0A00F50C00E30000D10000E0000080062
:10AED00000080000000000001110000030000070A9
:10AEE0000000F00108F00308D00F0C00FF0F00FA7B
:10AEF0000F00FC0F000F0C800308E401007C000031
:10AF00001E00000A00000500000300000000000011
:10AF100000000F00000830000E70000FB0C00F508E
:10AF2000E00F50F80D50FC0C503F0CD01F0CF007F8
:10AF30000CF0030EF0800F70800E10000B00000C60
:10AF400000000000000000000000000009000000F8
:10AF5000000000FCFF3FFCFF3FFCFF3FF4FF3F14FD
:10AF60000030140030180030000000000000000025
:10AF700000000000000000000000000000000000D1
:10AF80000000000000000D1C0000780000E0000040
:10AF9000800300000F00001C0000700000E00100B2
:10AFA000800300000E00001C0000300000200000A4
:10AFB0000000000000000000000000000000000091
:10AFC000080000000000201400301400301400308D
:10AFD000FCFF3FFCFF3FFCFF3F00000000000000C3
:10AFE0000000000000000000000000000000000061
:10AFF000000000000000000000000D001800001C10
:10B0000000001F00800F00E00300F0010078000046
:10B01000600000C00000000300000C0000180000E9
:10B020001000000000000000000000000000000010
:10B03000000000000C000080000080000080000084
:10B040008000008000008000008000008000008000
:10B050000000800000800000800000000000000070
:10B0600000000000000000000000000000000800D8
:10B0700000000000000100000100000300000200C9
:10B0800000060000040000000000000000000000B6
:10B0900000000000000000000000000000000000B0
:10B0A00000000000000000001200000800000C007A
:10B0B000000E00860F007D0C00FE0F901F08707BB5
:10B0C00000F0E001F0F300F05F00D0FF0C00FE0F95
:10B0D00000F60F00D60F00080E00000C000008005C
:10B0E00000000E00140820140CE0FF0FF0FF0F10FA
:10B0F000040CF0F70F30140C30140C30140C301E0C
:10B100000CE02F0EE0FB0FE0F507C0F3030000009A
:10B110000000000000000000000000000E00000021
:10B1200000FE0080FF03C0FF07E0FF07F0000F30C4
:10B13000000C30000830000830000CF00006F0E091
:10B140000730C001200000000000000000000000E7
:10B150000000000000000E00000810000CF0FF0FBF
:10B16000F0FF0F10000CD0FF0F50000C50000C70BF
:10B17000000C300006E08007E0FF03C0FF01007F05
:10B1800000000000000000000000000000000000BF
:10B190000F103808101404F0FF0FF0FF0F10040C0C
:10B1A00010040CD0F70F50140C50140C503F0C70BE
:10B1B000000EF0800F30800E10000F00000C000019
:10B1C000000000000000000000000E10180810141D
:10B1D0000CF0FF0FF0FF0F10040CD0F70F50140C01
:10B1E000501408500E00703F00700000F000003056
:10B1F000000010000000000000000000000000003F
:10B200000000000010000000007F0080FF00C0FF71
:10B2100003E0FF0BF0080F70170E30140C30140C05
:10B2200030140C60140C60FC0FE0FC0F30FC0F00BD
:10B23000040C0000080000000000000000000F10D7
:10B240001808100C0CF0FF0FF0FF0F100C0CF0FFA3
:10B250000F10180C00180800180810180CF0FF0F39
:10B26000F0FF0FF0FF0F10000C00000800000000BE
:10B2700000000000000000000710000810000CF0A3
:10B28000FF0FF0FF0FF0FF0F10000C000008000090
:10B2900000000000000000000000000000000000AE
:10B2A000000000000000000000000000000000009E
:10B2B00000000C00800000C00100E00B00F00F0057
:10B2C000C00F00000C10000C10000EF0FF0BF0FF80
:10B2D00007F0FF0210000100000000000000000065
:10B2E0000000000000000000000000001110000835
:10B2F00010000CF0FF0FF0FF0F10100CF0DF0F101C
:10B30000380C001608001F00907F08F0F80D70E060
:10B310000F30800F10000E10000C00000800000815
:10B320000000000000000E10000810000CF0FF0FDD
:10B33000F0FF0F10000CF0FF0F10000C00000C00CD
:10B34000000C00000E00400F00800F00000F0000F6
:10B3500004000000000000000000000000000000E9
:10B360001210000C10000CF0FF0F70000CF0FF0F1B
:10B37000F0070CF03F0890FF0100FC0F00E00F0009
:10B38000F801103F08F0040CF0FF0FF0FF0FF0FF82
:10B390000F10000C0000080000000F100008100043
:10B3A0000CF0FF0F70000EF0FF0FF0010CF007081B
:10B3B000901F00007E0010F80310A00FF0FF0FD0C8
:10B3C000FF0F30000020000000000000000000001F
:10B3D000000000000E000000007F00C0FF01E0FF41
:10B3E0000360FF0BF0000F30000C30000C30000E3B
:10B3F00060000FF0FF07E0FF03C0FF01007F0000C7
:10B4000000000000000000000000000000000F002D
:10B41000000000180810180CF0FF0FF0FF0F1008C4
:10B420000CD0FF0F50080C500808700800B00C003A
:10B43000E00F00E00700E00700C00300000000008C
:10B44000000000000000000010000000007F00C0AD
:10B45000FF01E0FF03E0FF0B70000F10000E100073
:10B460000D30800F60000FE0FF0FE0FF19207F3FDD
:10B47000C0C03C003F1800000800000000000000B1
:10B4800000001000500820380CE0FF0FF0FF0F10F4
:10B49000080CF0EF0F30280C301808301C0030F684
:10B4A00000E0EF3FE08B2FE0051FC0031600001403
:10B4B0000000080000000000000000000D00000E69
:10B4C000C0C30BE08F0B300E0BF01E0E102C0C10B7
:10B4D0002C0C101C0C30380CF0780EF0F00730E813
:10B4E0000300F00100000000000000000000000068
:10B4F0000000000000000EF00000B000005000004E
:10B5000050000850000CF0FF0FF0FF0FD0FF0D505F
:10B51000000E500008700000700000D000003000E5
:10B52000000000000000000000000000000000001B
:10B530000F100000100000F0FF01F0FF0B10000ED4
:10B54000F0FF0D10000E00000C00000C10000C109D
:10B550000007F0FF07D0FF033000002000000000CC
:10B56000000000000000000000001110000030008A
:10B5700000F00100F00F00F07F0820FB0F00DC0F4F
:10B5800000200F00C00F00F80C001E08C40700FCCC
:10B5900000003C00000A000005000002000000005E
:10B5A0000000000013100000700000F00700D03F02
:10B5B00004F0FF0F20EE0F00F00F00FC0FC03F085B
:10B5C000F00308F01F08E0FF0D00FF0F00D00F0090
:10B5D000F80F843F0CFC07086E00001A00001100F1
:10B5E000000C10000C10000E30800FF0C00DF0A108
:10B5F00008F07F00901F00003F0000F70CD0F90F0B
:10B60000F0A00F50C00E30000D10000E000008001A
:10B610000008000000000000111000003000007061
:10B620000000F00108F00308D00F0C00FF0F00FA33
:10B630000F00FC0F000F0C800308E401007C0000E9
:10B640001E00000A000005000003000000000000CA
:10B6500000000F00000830000E70000FB0C00F5047
:10B66000E00F50F80D50FC0C503F0CD01F0CF007B1
:10B670000CF0030EF0800F70800E10000B00000C19
:10B6800000000000000000000000000009000000B1
:10B69000001400709C0FF8FF3FFCF73F8CF738F464
:10B6A000E33F0C00300C0020000000000000000010
:10B6B000000000000000000000000000000000008A
:10B6C0000000000000000700000000000000000073
:10B6D000000000000000F0FFFFF0FFFF000000008E
:10B6E000000000000000000000000000000000005A
:10B6F000000000000000000000000000000000004A
:10B700000A0000000000000C00301400308C733878
:10B71000FCFB3FF8FF1FF0FF0F00140000080000C3
:10B720000000000000000000000000000000000019
:10B73000000000000000000000000D0000000000FC
:10B7400000000000100000100000080000080000C9
:10B7500008000010000010000010000008000004A5
:10B7600000000000000000000000000000000000D9
:10B770000000000005F0FF07F0FF071000041000B4
:10B7800004F0FF07000000000000000000000000BF
:10B7900000000000000000000000000000000000A9
:10B7A0000000000000000000000000000000000099
:10B7B000FFFFFFFFFFF0FFFFFFFFFFF0FFFFFFFFB7
:10B7C000FFF0FFFFFFFFFFF0FFFFFFFFFFF0FFFFB6
:10B7D000FFFFFFF0FFFFFFFFFFF0FFFFFFFFFFF0A6
:10B7E000FFFFFFFFFFF0FFFFFFFFFFF0FFFFFFFF87
:10B7F000FFF0FFFFFFFFFFF0FFFFFFFFFFF0EABFDB
:10B80000FC0FC3F0D55FFE1FCBF0C01FFF3FCBF096
:10B81000C01FFF3FCBF0C01FFF3FC3F0C01FFF3F63
:10B8200083F0C01FFF3F0FF0DFDFFF3F0FF0D05866
:10B8300000000FF0D15800000FF0D25800104FF068
:10B84000D6580028AFF0D35894104FF0D2580000CB
:10B850000FF0D44094000FF0D04094000870DFC087
:10B8600000000830C00094000000C000000000008C
:10B87000C01800000000C01800000000C018000040
:10B880000810E73CE7F3BB708000000000100000E8
:10B8900000000000FFFFFFFFFFF0FFFFFFFFFFF0D2
:10B8A000FFFFFFFFFFF0FFFFFFFFEFF0FF801FFF35
:10B8B000CFF0FE3FC7FFCFF0FDBFD9FF8FF0F33FC2
:10B8C000CCFF5FF0FF070FFF5FF0FF76EFFEDFF0CA
:10B8D000FF79EFFDDFF0FF766FFDCFF0FF4FAFFB9D
:10B8E000F3F0FF3FCFF1FDF0FF7FEFFE79F0FF1F98
:10B8F0008FFFBBF0FF0007FFB7F0FE78F3FF6FF09C
:10B90000F8F0F5FF5FF0F6EF36FF3FF0CE9FD73E41
:10B910003FF08000001E7FF0FE3FE7FEFFF0FEDFFD
:10B92000D7FFFFF0FEE777FFFFF0FDF8FBFFFFF02A
:10B93000FDF8FBFFFFF0FDE77BFFFFF0FDDF9BFF66
:10B94000FFF0FD3FE3FFFFF0FCFFF3FFFFF0FC7FA4
:10B95000E3FFFFF0FDBF9BFFFFF0FDE67BFFFFF085
:10B96000FBF0FDFFFFF0FBF0FDFFFFF0FBCF3DFF25
:10B97000FFF0FB3FCDFFFFF0F8FFF1FFFFF0FBFF13
:10B98000FDFFFFF0C3FFFE3FFFF0FFFFFFFFFFF0F3
:10B99000FFFFF0FFFFF0FFFFE07FFFF0FFFFE07F22
:10B9A000FFF0FFFFC03FFFF0FFFFC01FFFF0FFFFF2
:10B9B000801FFFF0FFFF000FFFF0FFFF000FFFF001
:10B9C000FFFE0007FFF0FFFE0007FFF0FFFC000393
:10B9D000FFF0FFF80F01FFF0FFF80F01FFF0FFF09D
:10B9E0000F00FFF0FFF00F00FFF0FFE00F007FF00F
:10B9F000FFE00F007FF0FFC00F003FF0FF800F005F
:10BA00001FF0FF800F001FF0FF000F000FF0FF007E
:10BA10000F000FF0FE00070007F0FE00060003F025
:10BA2000FC00060003F0F800060001F0F800060034
:10BA300001F0F000060000F0F000060000F0E00069
:10BA400006000070E00000000030C000060000307A
:10BA500080000600001080000600001000000000BA
:10BA600000000000000000000000000000000000D6
:10BA700000000000800000000010FFFFFFFFFFF04B
:10BA8000FFFFFFFFFFF0FFFFFFFFFFF0FFFFFFFFE4
:10BA9000FFF0FFFFFFFFFFF0FFFFFFFFFFF0FFFFE3
:10BAA000FFFFFFF0FFFFFFFFFFF0FFC1FFFCFFF014
:10BAB000FF9C7FF27FF0FF8F7FF6FFF0FFE33FE612
:10BAC000FFF0FFFBBFC9FFF0FE7BBF97FFF0FE1347
:10BAD000BF2FFFF0FE479E5FFFF0FF3FFCBFFFF070
:10BAE000FF9FC17FFFF0FFC192FFFFF0FFFC99FFB6
:10BAF000FFF0FFFFBCFFFFF0FFFC3CFFFFF0FFF992
:10BB0000F17FFFF0FFF3E783FFF0FFE7EFF9FFF0CE
:10BB1000FFCECBFCFFF0FF9DD9E67FF0FF3BBDC021
:10BB20007FF0FE777DDE7FF0FEEEFDDFFFF0FEDDD5
:10BB3000FCCFFFF0FEFBFEE1FFF0FE67FE39FFF0F9
:10BB4000FF0FFF83FFF0FFFFFFFFFFF0FFFFFFFF8F
:10BB5000FFF0FFFFFFFFFFF0FFFFFFFFFFF0FFFF22
:10BB6000FFFFFFF0FFFFFFFFFFF0FFFFFFFFFFF012
:10BB7000000000000000000001020304060708099D
:10BB80000000000001020304000610160006101653
:10BB9000494E4600696E66004E414E006E616E0071
:10BBA000300030313233343536373839414243444E
:10BBB00045460030313233343536373839616263C7
:10BBC00064656600496E66696E697479004E614EFF
:10BBD000005245454E54206D616C6C6F6320737547
:10BBE00063636565646564002F6275696C642F67C3
:10BBF0006E752D746F6F6C732D666F722D73746D0F
:10BC000033325F31332E332E72656C312E32303247
:10BC100035303532332D303930302F7372632F6E1B
:10BC200065776C69622F6E65776C69622F6C6962EB
:10BC3000632F7374646C69622F64746F612E630088
:10BC400042616C6C6F6320737563636565646564E2
:10BC5000002F6275696C642F676E752D746F6F6C41
:10BC6000732D666F722D73746D33325F31332E33E3
:10BC70002E72656C312E32303235303532332D3004
:10BC80003930302F7372632F6E65776C69622F6E57
:10BC900065776C69622F6C6962632F7374646C6979
:10BCA000622F6D707265632E6300232D302B200090
:10BCB000686C4C00656667454647004300504F532B
:10BCC0004958002E002C2066756E6374696F6E3AB9
:10BCD0002000617373657274696F6E202225732270
:10BCE000206661696C65643A2066696C652022256E
:10BCF00073222C206C696E65202564257325730AD8
:10BD00000000000005000000190000007D00000098
:10BD10000080E03779C34143176E05B5B5B8934647
:10BD2000F5F93FE9034F384D321D30F94877825A13
:10BD30003CBF737FDD4F1575000000000000F03F31
:10BD400000000000000024400000000000005940F6
:10BD50000000000000408F40000000000088C34049
:10BD600000000000006AF8400000000080842E41BE
:10BD700000000000D01263410000000084D797410A
:10BD80000000000065CDCD41000000205FA0024210
:10BD9000000000E876483742000000A2941A6D4285
:10BDA000000040E59C30A2420000901EC4BCD64278
:10BDB00000003426F56B0C430080E03779C3414323
:10BDC00000A0D8855734764300C84E676DC1AB4399
:10BDD000003D9160E458E143408CB5781DAF1544B7
:10BDE00050EFE2D6E41A4B4492D54D06CFF0804492
:10BDF000F64AE1C7022DB544B49DD9794378EA44A7
:10BE0000002020202020202020202828282828202A
:10BE10002020202020202020202020202020202022
:10BE2000208810101010101010101010101010108A
:10BE3000100404040404040404040410101010107A
:10BE40001010414141414141010101010101010144
:10BE50000101010101010101010101011010101096
:10BE60001010424242424242020202020202020216
:10BE7000020202020202020202020202101010106A
:10BE80002000000000000000000000000000000092
:10BE900000000000000000000000000000000000A2
:10BEA0000000000000000000000000000000000092
:10BEB0000000000000000000000000000000000082
:10BEC0000000000000000000000000000000000072
:10BED0000000000000000000000000000000000062
:10BEE0000000000000000000000000000000000052
:10BEF0000000000000000000000000000000000042
:04BF0000000000003D
:08BF0400DC42FF7F0100000098
:04BF0C00C501000863
:04BF1000A101000883
:10BF14004000000001000000881300000024F40029
:10BF240010000000010000000000000003000000F9
:10BF3400BC0900202800002000000000BC090020EB
:10BF4400240A00208C0A00200000000000000000E9
:10BF540000000000000000000000000000000000DD
:10BF640000000000000000000000000000000000CD
:10BF740000000000000000000000000000000000BD
:10BF8400000000004300000000000000000000006A
:10BF9400000000000000000000000000000000009D
:10BFA400000000004300000000000000000000004A
:10BFB400000000000000000000000000000000007D
:10BFC400000000004300000000000000000000002A
:10BFD400000000000000000000000000000000005D
:10BFE400000000004300000000000000000000000A
:10BFF400000000000000000000000000000000003D
:10C0040000000000430000000000000000000000E9
:10C01400000000000000000000000000000000001C
:10C0240000000000430000000000000000000000C9
:10C0340000000000000000000000000000000000FC
:10C0440000000000430000000000000000000000A9
:10C0540000000000000000000000000000000000DC
:10C0640000000000F9920008799200080000000026
:10C0740000BE0008C3BC000800BD000800BD0008E5
:10C0840000BD000800BD000800BD000800BD000898
:10C0940000BD000800BD000800BD0008FFFFFFFF51
:10C0A400FFFFFFFFFFFFFFFFFFFF00000100415301
:10C0B40043494900000000000000000000000000A7
:10C0C40000000000000000000000000000004153D8
:10C0D4004349490000000000000000000000000087
:10C0E400000000000000000000000000000000004C
:0400000508002E3988
:00000001FF
